sequence_id	is_recombinant	breakpoint_start	breakpoint_end	p_value	methods	parent_1	parent_2
PX971288.1	false	0	0				
PV089671.1	false	0	0				
PV089670.1	true	8250	10432	0.000000396074	3Seq	ref_KJ496143	ref_KJ013415
PV089669.1	true	7822	8358	0.000000000235	3Seq	ref_EU723513	ref_DQ450072
PV089668.1	true	84	8381	0.000000000313	3Seq	ref_KJ013415	ref_DQ450072
PV089667.1	true	84	8381	0.000000002196	3Seq	ref_KJ013415	ref_DQ450072
PV089666.1	true	21	8206	0.000000061407	3Seq	ref_KJ013415	ref_KJ496143
PV089665.1	true	84	8381	0.000000010766	3Seq	ref_KJ013415	ref_DQ450072
PV089664.1	true	84	8381	0.000000000549	3Seq	ref_KJ013415	ref_DQ450072
PV089663.1	true	84	8381	0.000000000728	3Seq	ref_KJ013415	ref_DQ450072
PV089662.1	true	84	8381	0.000000001375	3Seq	ref_KJ013415	ref_DQ450072
PQ878621.1	false	0	0				
PQ557138.1	true	53	8405	0.000000000000	3Seq	ref_KJ013415	ref_JQ013791
PQ557137.1	true	126	8405	0.000000000000	3Seq	ref_KJ013415	ref_JQ013791
PQ557136.1	true	28	8501	0.000000000000	3Seq	ref_KJ013415	ref_JQ013791
PQ557135.1	true	53	8239	0.000000000000	3Seq	ref_KJ013415	ref_FJ705359
PQ557134.1	true	90	8405	0.000000000000	3Seq	ref_KJ013415	ref_JQ013791
PP982543.1	true	44	8159	0.000000034298	3Seq	ref_KJ013415	ref_KJ496144
PP706698.1	true	7859	8732	0.000000102462	3Seq	ref_FJ906895	ref_DQ450072
OQ286030.1	true	7921	8385	0.000000064685	3Seq	ref_AB248521	ref_DQ450072
MW837255.1	false	0	0				
MW837253.1	false	0	0				
MW596896.1	false	0	0				
MW383253.1	false	0	0				
MW355404.1	false	0	0				
MW355403.1	false	0	0				
MW355402.1	true	8250	10294	0.000000030436	3Seq	ref_KJ496143	ref_KJ013415
MW355401.1	false	0	0				
MW355400.1	true	103	9575	0.000000032319	3Seq	ref_KJ013415	ref_AP003430
MW355399.1	true	8502	10317	0.000000000424	3Seq	ref_KJ496143	ref_KJ013415
MW355398.1	true	8475	10306	0.000000021924	3Seq	ref_KJ496143	ref_KJ013415
MW355397.1	false	0	0				
MW355396.1	false	0	0				
MW355395.1	false	0	0				
MW355394.1	false	0	0				
MW355393.1	false	0	0				
MW355392.1	false	0	0				
MW355391.1	true	8250	10294	0.000000000569	3Seq	ref_KJ496143	ref_KJ013415
MW355390.1	false	0	0				
MW355389.1	false	0	0				
MW355388.1	true	2352	8632	0.000000370413	3Seq	ref_AJ272108	ref_DQ450072
MW355387.1	false	0	0				
MW355386.1	true	44	8250	0.000000033521	3Seq	ref_KJ013415	ref_KJ496143
MW355385.1	true	7817	8732	0.000000018751	3Seq	ref_FJ906895	ref_DQ450072
MW355384.1	true	84	8555	0.000000170703	3Seq	ref_KJ013415	ref_DQ450072
MW355383.1	true	44	8409	0.000000189029	3Seq	ref_KJ013415	ref_KJ496143
MW355382.1	false	0	0				
MW355381.1	true	261	8308	0.000000000000	3Seq	ref_EU723513	ref_AB369687
MW355380.1	false	0	0				
MW355379.1	true	8500	10174	0.000000073670	3Seq	ref_KJ496143	ref_KJ013415
MW355378.1	true	8409	10301	0.000000023344	3Seq	ref_KJ496144	ref_KJ013415
MW355377.1	false	0	0				
MW355376.1	false	0	0				
MW355375.1	false	0	0				
MW355374.1	true	8500	10294	0.000000019241	3Seq	ref_KJ496143	ref_KJ013415
MW355373.1	true	8601	8902	0.000000387597	3Seq	ref_JQ953664	ref_KJ013415
MW355372.1	true	8500	10294	0.000000003155	3Seq	ref_KJ496143	ref_KJ013415
MW355371.1	true	8206	10432	0.000000198856	3Seq	ref_KJ496143	ref_KJ013415
MW355370.1	true	8159	10280	0.000000035049	3Seq	ref_KJ496144	ref_KJ013415
MW355369.1	true	44	8436	0.000000436622	3Seq	ref_KJ013415	ref_KJ496143
MW355368.1	false	0	0				
MW355367.1	true	7809	8358	0.000000001354	3Seq	ref_EU723513	ref_DQ450072
MW355366.1	false	0	0				
MW355365.1	true	44	8206	0.000000013084	3Seq	ref_KJ013415	ref_KJ496143
MW355364.1	true	8502	10285	0.000000049116	3Seq	ref_KJ496143	ref_KJ013415
MW355363.1	true	44	8250	0.000000077892	3Seq	ref_KJ013415	ref_KJ496143
MW355362.1	false	0	0				
MW355361.1	false	0	0				
MW355360.1	true	103	8500	0.000000214459	3Seq	ref_KJ013415	ref_KJ496143
MW355359.1	false	0	0				
MW355358.1	false	0	0				
MW355357.1	true	7817	8732	0.000000034709	3Seq	ref_FJ906895	ref_DQ450072
MW355356.1	true	261	8308	0.000000000000	3Seq	ref_EU723513	ref_AB369687
MW355355.1	true	65	8308	0.000000000000	3Seq	ref_EU723513	ref_AB369687
MW355354.1	false	0	0				
MW355353.1	false	0	0				
MW355352.1	false	0	0				
MW355351.1	false	0	0				
MW355350.1	false	0	0				
MW355349.1	false	0	0				
MW355348.1	false	0	0				
MW355347.1	true	8500	10294	0.000000014170	3Seq	ref_KJ496143	ref_KJ013415
MW355346.1	false	0	0				
MW355345.1	true	84	8555	0.000000107479	3Seq	ref_KJ013415	ref_DQ450072
MW355344.1	false	0	0				
MW355343.1	false	0	0				
MW355342.1	false	0	0				
MW355341.1	true	8500	10294	0.000000034859	3Seq	ref_KJ496143	ref_KJ013415
MW355340.1	false	0	0				
MW355339.1	false	0	0				
MW355338.1	true	44	8436	0.000000207781	3Seq	ref_KJ013415	ref_KJ496144
MW355337.1	false	0	0				
MW355336.1	false	0	0				
MW355335.1	true	44	8206	0.000000007535	3Seq	ref_KJ013415	ref_KJ496143
MW355334.1	true	8500	10294	0.000000034859	3Seq	ref_KJ496143	ref_KJ013415
MW355333.1	false	0	0				
MW355332.1	true	8409	10301	0.000000277098	3Seq	ref_KJ496144	ref_KJ013415
MW355331.1	false	0	0				
MW355330.1	true	8475	10306	0.000000066449	3Seq	ref_KJ496143	ref_KJ013415
MW355329.1	false	0	0				
MW355328.1	true	8409	10301	0.000000090536	3Seq	ref_KJ496144	ref_KJ013415
MW355327.1	true	44	8250	0.000000080349	3Seq	ref_KJ013415	ref_KJ496143
MW355326.1	false	0	0				
MW355325.1	true	235	8308	0.000000000000	3Seq	ref_EU723513	ref_AB369687
MW355324.1	false	0	0				
MW355323.1	true	7817	8570	0.000000119027	3Seq	ref_FJ906895	ref_DQ450072
MW355322.1	true	8250	10174	0.000000018335	3Seq	ref_KJ496143	ref_KJ013415
MW355321.1	true	44	8251	0.000000000076	3Seq	ref_KJ013415	ref_KJ496143
MW355320.1	true	8409	10288	0.000000135059	3Seq	ref_KJ496144	ref_KJ013415
MW355319.1	true	8596	8948	0.000000017788	3Seq	ref_AP003430	ref_KJ013415
MW355318.1	true	261	8308	0.000000000000	3Seq	ref_EU723513	ref_AB369687
MW355317.1	true	8500	10294	0.000000307594	3Seq	ref_KJ496143	ref_KJ013415
MW355316.1	true	8409	10280	0.000000205037	3Seq	ref_KJ496144	ref_KJ013415
MW355315.1	false	0	0				
MW355314.1	true	8250	10294	0.000000047103	3Seq	ref_KJ496143	ref_KJ013415
MW355313.1	true	44	8245	0.000000006374	3Seq	ref_KJ013415	ref_KJ496144
MW355312.1	true	8500	10294	0.000000013634	3Seq	ref_KJ496143	ref_KJ013415
MW355311.1	false	0	0				
MW355310.1	true	8429	10017	0.000000001101	3Seq	ref_AB369687	ref_EU723513
MW355309.1	true	8409	10301	0.000000038614	3Seq	ref_KJ496144	ref_KJ013415
MW355308.1	false	0	0				
MW355307.1	true	7855	8325	0.000000018978	3Seq	ref_EU723513	ref_DQ450072
MW355306.1	false	0	0				
MW355305.1	true	8429	9851	0.000000001216	3Seq	ref_AB369687	ref_EU723513
MW355304.1	true	7817	8570	0.000000142336	3Seq	ref_FJ906895	ref_DQ450072
MW355303.1	true	44	8206	0.000000000008	3Seq	ref_KJ013415	ref_KJ496143
MW355302.1	true	7875	8333	0.000000026081	3Seq	ref_KJ873911	ref_DQ450072
MW355301.1	true	44	9771	0.000000005811	3Seq	ref_KJ013415	ref_AP003430
MW355300.1	true	8250	10294	0.000000025644	3Seq	ref_KJ496143	ref_KJ013415
MW355299.1	true	8429	10017	0.000000001403	3Seq	ref_AB369687	ref_EU723513
MW355298.1	true	44	8250	0.000000113952	3Seq	ref_KJ013415	ref_KJ496144
MW355297.1	true	7817	8732	0.000000107834	3Seq	ref_FJ906895	ref_DQ450072
MW355296.1	false	0	0				
MW355295.1	true	7809	8358	0.000000342644	3Seq	ref_EU723513	ref_DQ450072
MW355294.1	true	7862	8570	0.000000066985	3Seq	ref_FJ906895	ref_DQ450072
MW355293.1	true	8500	10294	0.000000020981	3Seq	ref_KJ496143	ref_KJ013415
MW355292.1	true	8429	10148	0.000000344128	3Seq	ref_AB369687	ref_EU723513
MW355291.1	true	8250	10411	0.000000262551	3Seq	ref_KJ496143	ref_KJ013415
MW355290.1	false	0	0				
MW355289.1	false	0	0				
MW355288.1	true	7790	8385	0.000000000024	3Seq	ref_EU723513	ref_DQ450072
MW355287.1	true	8250	10300	0.000000002754	3Seq	ref_KJ496144	ref_KJ013415
MW355286.1	true	7809	8358	0.000000012432	3Seq	ref_EU723513	ref_DQ450072
MW355285.1	false	0	0				
MW355284.1	true	44	8250	0.000000147127	3Seq	ref_KJ013415	ref_KJ496143
MW355283.1	true	8500	10294	0.000000011017	3Seq	ref_KJ496143	ref_KJ013415
MW355282.1	true	8500	10294	0.000000001016	3Seq	ref_KJ496143	ref_KJ013415
MW355281.1	false	0	0				
MW355280.1	true	7817	8732	0.000000126421	3Seq	ref_FJ906895	ref_DQ450072
MW355279.1	false	0	0				
MW355278.1	true	44	8250	0.000000155615	3Seq	ref_KJ013415	ref_KJ496143
MW355277.1	true	7817	8731	0.000000018040	3Seq	ref_FJ906895	ref_DQ450072
MW355276.1	false	0	0				
MW355275.1	false	0	0				
MW355274.1	true	235	8308	0.000000000000	3Seq	ref_EU723513	ref_AB369687
MW355273.1	true	7817	8570	0.000000059818	3Seq	ref_FJ906895	ref_DQ450072
MW002523.1	true	72	8238	0.000000000000	3Seq	ref_KJ013415	ref_JQ953664
MW002522.1	true	63	8239	0.000000000000	3Seq	ref_KJ013415	ref_JQ013791
MT362712.1	true	7817	10060	0.000000001836	3Seq	ref_FJ906895	ref_DQ450072
MT362711.1	true	7817	8570	0.000000138211	3Seq	ref_FJ906895	ref_DQ450072
MW355272.1	false	0	0				
MW355271.1	true	7790	8361	0.000000000426	3Seq	ref_KJ873911	ref_DQ450072
MW355270.1	true	8409	10301	0.000000050775	3Seq	ref_KJ496144	ref_KJ013415
MW355269.1	true	44	8206	0.000000000069	3Seq	ref_KJ013415	ref_KJ496143
MW355268.1	true	8409	10301	0.000000027515	3Seq	ref_KJ496144	ref_KJ013415
MW355267.1	true	8500	10306	0.000000025886	3Seq	ref_KJ496143	ref_KJ013415
MW355266.1	true	261	8308	0.000000000000	3Seq	ref_EU723513	ref_AB369687
MW355265.1	false	0	0				
MW355264.1	true	44	8500	0.000000070407	3Seq	ref_KJ013415	ref_KJ496143
MW355263.1	true	8501	10294	0.000000045779	3Seq	ref_KJ496143	ref_KJ013415
MW355262.1	true	8500	10294	0.000000019966	3Seq	ref_KJ496143	ref_KJ013415
MW355261.1	false	0	0				
MW355260.1	false	0	0				
MW355259.1	false	0	0				
MW355258.1	false	0	0				
MW355257.1	false	0	0				
MW355256.1	true	8409	10301	0.000000042248	3Seq	ref_KJ496144	ref_KJ013415
MW355255.1	true	44	8250	0.000000038685	3Seq	ref_KJ013415	ref_KJ496143
MW355254.1	true	7740	10306	0.000000459827	3Seq	ref_KJ496143	ref_KJ013415
MW355253.1	true	261	8308	0.000000000000	3Seq	ref_EU723513	ref_AB369687
MW355252.1	false	0	0				
MW355251.1	false	0	0				
MW355250.1	false	0	0				
MW355249.1	false	0	0				
MW355248.1	false	0	0				
MW355247.1	true	8429	10017	0.000000000715	3Seq	ref_AB369687	ref_EU723513
MW355246.1	true	7878	8325	0.000000132201	3Seq	ref_EU723513	ref_DQ450072
MW355245.1	true	8250	10294	0.000000004695	3Seq	ref_KJ496143	ref_KJ013415
MW355244.1	false	0	0				
MW355243.1	false	0	0				
MW355242.1	false	0	0				
MW355241.1	false	0	0				
MW355240.1	false	0	0				
MW355239.1	true	8409	10294	0.000000300073	3Seq	ref_KJ496143	ref_KJ013415
MW355238.1	true	567	8429	0.000000004808	3Seq	ref_EU723513	ref_AB369687
MW355237.1	false	0	0				
MW355236.1	true	7894	8338	0.000000000258	3Seq	ref_EU723513	ref_DQ450072
MW355235.1	true	7817	8570	0.000000045819	3Seq	ref_FJ906895	ref_DQ450072
MW355234.1	true	8250	10280	0.000000200739	3Seq	ref_KJ496144	ref_KJ013415
MW355233.1	true	44	8409	0.000000034024	3Seq	ref_KJ013415	ref_KJ496144
MW355232.1	true	8500	10294	0.000000103782	3Seq	ref_KJ496143	ref_KJ013415
MW355231.1	true	7817	8732	0.000000236991	3Seq	ref_FJ906895	ref_DQ450072
MW355230.1	false	0	0				
MW355229.1	true	103	8206	0.000000005340	3Seq	ref_KJ013415	ref_KJ496143
MW355228.1	false	0	0				
MW355227.1	false	0	0				
MW355226.1	true	7862	8570	0.000000130869	3Seq	ref_FJ906895	ref_DQ450072
MW355225.1	true	7804	8732	0.000000006426	3Seq	ref_JQ013791	ref_DQ450072
MW355224.1	true	8500	10294	0.000000014394	3Seq	ref_KJ496143	ref_KJ013415
MW355223.1	false	0	0				
MW355222.1	true	7884	8333	0.000000008621	3Seq	ref_KJ873911	ref_DQ450072
MW355221.1	true	7817	8732	0.000000006681	3Seq	ref_FJ906895	ref_DQ450072
MW355220.1	true	7874	10220	0.000000015655	3Seq	ref_KJ496143	ref_KJ013415
MW355219.1	true	103	8250	0.000000045291	3Seq	ref_KJ013415	ref_KJ496143
MW355218.1	true	8250	10184	0.000000025186	3Seq	ref_KJ496143	ref_KJ013415
MW355217.1	true	8250	10294	0.000000000157	3Seq	ref_KJ496143	ref_KJ013415
MT840367.1	true	103	8500	0.000000106802	3Seq	ref_KJ013415	ref_KJ496143
MT840366.1	true	7878	8358	0.000000075445	3Seq	ref_EU723513	ref_DQ450072
MT840363.1	true	103	8239	0.000000205138	3Seq	ref_KJ013415	ref_KJ496143
MT840362.1	true	7822	8732	0.000000095397	3Seq	ref_FJ906895	ref_DQ450072
MT840360.1	true	7822	8732	0.000000146210	3Seq	ref_FJ906895	ref_DQ450072
MT840359.1	true	7822	8732	0.000000085683	3Seq	ref_FJ906895	ref_DQ450072
MT364355.1	true	28	8405	0.000000000000	3Seq	ref_KJ013415	ref_JQ013791
MN646696.1	false	0	0				
MN646695.1	false	0	0				
MN646694.1	false	0	0				
MN646693.1	true	8429	10352	0.000000084716	3Seq	ref_AB369687	ref_EU723513
MN646692.1	false	0	0				
MN646691.1	true	8159	10182	0.000000155155	3Seq	ref_KJ496143	ref_KJ013415
MN646690.1	true	8159	10182	0.000000116987	3Seq	ref_KJ496143	ref_KJ013415
MN646689.1	false	0	0				
MN629976.1	true	8250	10184	0.000000172009	3Seq	ref_KJ496143	ref_KJ013415
MN614141.1	true	8250	10294	0.000000079784	3Seq	ref_KJ496143	ref_KJ013415
MN614140.1	true	8250	10294	0.000000114369	3Seq	ref_KJ496143	ref_KJ013415
MN614139.1	true	8250	10184	0.000000151945	3Seq	ref_KJ496143	ref_KJ013415
MN401237.1	false	0	0				
MK390971.1	false	0	0				
MK390970.1	false	0	0				
MK050463.1	true	44	8238	0.000000000000	3Seq	ref_KJ013415	ref_JQ953664
MH504152.1	true	44	8250	0.000000076569	3Seq	ref_KJ013415	ref_KJ496143
MH504151.1	true	1153	8632	0.000000412695	3Seq	ref_AJ272108	ref_DQ450072
MH504150.1	true	44	8159	0.000000054136	3Seq	ref_KJ013415	ref_KJ496143
MH504149.1	true	44	8206	0.000000203736	3Seq	ref_KJ013415	ref_KJ496143
MH504148.1	true	44	8436	0.000000086879	3Seq	ref_KJ013415	ref_KJ496143
MH504147.1	true	44	8167	0.000000110311	3Seq	ref_KJ013415	ref_KJ496143
MH504146.1	true	65	8239	0.000000020232	3Seq	ref_KJ013415	ref_KJ496143
MH504145.1	true	65	8159	0.000000086905	3Seq	ref_KJ013415	ref_KJ496143
MH504144.1	true	103	8250	0.000000000500	3Seq	ref_KJ013415	ref_KJ496143
MH504143.1	true	103	8409	0.000000007151	3Seq	ref_KJ013415	ref_KJ496143
MH504142.1	true	103	8409	0.000000007530	3Seq	ref_KJ013415	ref_KJ496143
MH504141.1	true	103	8409	0.000000006910	3Seq	ref_KJ013415	ref_KJ496143
MH504140.1	true	65	8436	0.000000007248	3Seq	ref_KJ013415	ref_KJ496143
MH504139.1	true	44	8250	0.000000244919	3Seq	ref_KJ013415	ref_KJ496143
MH504138.1	true	8250	10184	0.000000005547	3Seq	ref_KJ496143	ref_KJ013415
MH504137.1	true	44	8245	0.000000003553	3Seq	ref_KJ013415	ref_KJ496144
MH504136.1	true	8159	10301	0.000000001293	3Seq	ref_KJ496144	ref_KJ013415
MH504135.1	true	44	8245	0.000000022594	3Seq	ref_KJ013415	ref_KJ496144
MH504133.1	true	8502	10294	0.000000039862	3Seq	ref_KJ496143	ref_KJ013415
MH504132.1	true	9155	9488	0.000000000000	3Seq	ref_FJ705359	ref_M73218
MH504130.1	true	7882	8338	0.000000000275	3Seq	ref_EU723513	ref_DQ450072
MH504129.1	true	7861	8358	0.000000004291	3Seq	ref_EU723513	ref_DQ450072
MH504128.1	true	7822	8338	0.000000011652	3Seq	ref_EU723513	ref_DQ450072
MH504127.1	true	8250	10184	0.000000001894	3Seq	ref_KJ496143	ref_KJ013415
MH504126.1	true	7861	8358	0.000000038926	3Seq	ref_EU723513	ref_DQ450072
MH504125.1	true	44	8245	0.000000043177	3Seq	ref_KJ013415	ref_KJ496144
MH504124.1	true	44	8409	0.000000009608	3Seq	ref_KJ013415	ref_KJ496144
MH450031.1	false	0	0				
MH450030.1	false	0	0				
MH450029.1	false	0	0				
MH450028.1	false	0	0				
MH450027.1	false	0	0				
MH450026.1	false	0	0				
MH450025.1	false	0	0				
MH450024.1	false	0	0				
MH450023.1	true	849	1177	0.000000006714	3Seq	ref_AB369687	ref_AF082843
MH450022.1	true	7790	8385	0.000000000193	3Seq	ref_EU723513	ref_DQ450072
MH450021.1	true	44	8245	0.000000188917	3Seq	ref_KJ013415	ref_KJ496144
MH450020.1	false	0	0				
MF444145.1	true	7814	8320	0.000000002623	3Seq	ref_EU723513	ref_DQ450072
MF444144.1	true	8500	10182	0.000000071769	3Seq	ref_KJ496143	ref_KJ013415
MF444143.1	true	44	8409	0.000000065990	3Seq	ref_KJ013415	ref_KJ496143
MF444142.1	false	0	0				
MF444141.1	false	0	0				
MF444140.1	false	0	0				
MF444139.1	false	0	0				
MF444138.1	false	0	0				
MF444137.1	true	8429	10109	0.000000017414	3Seq	ref_AB369687	ref_EU723513
MF444136.1	true	7846	8325	0.000000036500	3Seq	ref_EU723513	ref_DQ450072
MF444135.1	false	0	0				
MF444134.1	false	0	0				
MF444133.1	true	266	8429	0.000000000000	3Seq	ref_EU723513	ref_AB369687
MF444132.1	false	0	0				
MF444131.1	true	8250	10317	0.000000048589	3Seq	ref_KJ496143	ref_KJ013415
MF444130.1	false	0	0				
MF444129.1	false	0	0				
MF444128.1	true	103	8250	0.000000001680	3Seq	ref_KJ013415	ref_KJ496143
MF444127.1	false	0	0				
MF444126.1	false	0	0				
MF444125.1	false	0	0				
MF444124.1	true	8429	10352	0.000000044847	3Seq	ref_AB369687	ref_EU723513
MF444123.1	false	0	0				
MF444122.1	true	8250	10294	0.000000000157	3Seq	ref_KJ496143	ref_KJ013415
MF444121.1	true	44	8250	0.000000064412	3Seq	ref_KJ013415	ref_KJ496143
MF444120.1	true	7814	8325	0.000000248357	3Seq	ref_EU723513	ref_DQ450072
MF444119.1	false	0	0				
MF444118.1	false	0	0				
MF444117.1	false	0	0				
MF444116.1	false	0	0				
MF444115.1	true	8250	10184	0.000000046885	3Seq	ref_KJ496143	ref_KJ013415
MF444114.1	true	44	8250	0.000000015155	3Seq	ref_KJ013415	ref_KJ496143
MF444086.1	true	8159	10182	0.000000200932	3Seq	ref_KJ496143	ref_KJ013415
MF444083.1	false	0	0				
MF444033.1	false	0	0				
KY436898.1	true	105	8330	0.000000000000	3Seq	ref_KJ013415	ref_AB290312
MH377727.1	true	4270	5476	0.000000000062	3Seq	ref_FJ705359	ref_FJ998008
MH377726.1	false	0	0				
MH377725.1	true	1838	5238	0.000000000000	3Seq	ref_EU360977	ref_FJ998008
MH377724.1	true	103	8436	0.000000277441	3Seq	ref_KJ013415	ref_KJ496143
MH377723.1	true	5535	6127	0.000000000000	3Seq	ref_FJ705359	ref_FJ998008
MH377722.1	true	8500	10284	0.000000030211	3Seq	ref_KJ496144	ref_KJ013415
MH377721.1	true	7886	8324	0.000000392724	3Seq	ref_AB248521	ref_DQ450072
MH184584.1	true	44	8500	0.000000009410	3Seq	ref_KJ013415	ref_KJ496143
MH184583.1	true	44	8436	0.000000281117	3Seq	ref_KJ013415	ref_KJ496143
MH184582.1	true	103	8250	0.000000053714	3Seq	ref_KJ013415	ref_KJ496143
MH184581.1	true	65	8500	0.000000000375	3Seq	ref_KJ013415	ref_KJ496143
MH184580.1	true	65	8250	0.000000000043	3Seq	ref_KJ013415	ref_KJ496143
MH184579.1	true	65	8500	0.000000049026	3Seq	ref_KJ013415	ref_KJ496143
MG783570.1	true	44	8409	0.000000040065	3Seq	ref_KJ013415	ref_KJ496143
MG783569.1	true	103	8250	0.000000026286	3Seq	ref_KJ013415	ref_KJ496143
MG674164.1	false	0	0				
MG573193.1	true	7897	8338	0.000000046193	3Seq	ref_EU723513	ref_DQ450072
MG211751.1	true	72	8262	0.000000000000	3Seq	ref_KJ013415	ref_FJ705359
MG211750.1	true	44	8262	0.000000000000	3Seq	ref_KJ013415	ref_FJ705359
MF959765.1	true	103	8500	0.000000218829	3Seq	ref_KJ013415	ref_KJ496143
MF959764.1	false	0	0				
MF480298.1	true	44	8250	0.000000000000	3Seq	ref_KJ013415	ref_FJ998008
MF480297.1	true	81	8239	0.000000000000	3Seq	ref_KJ013415	ref_AF082843
MF444113.1	true	1300	8567	0.000000133542	3Seq	ref_AJ272108	ref_DQ450072
MF444112.1	true	28	8206	0.000000306220	3Seq	ref_KJ013415	ref_KJ496143
MF444111.1	true	8500	10294	0.000000020180	3Seq	ref_KJ496143	ref_KJ013415
MF444110.1	true	7855	8308	0.000000115798	3Seq	ref_EU723513	ref_DQ450072
MF444109.1	false	0	0				
MF444108.1	true	261	8329	0.000000000000	3Seq	ref_EU723513	ref_AB369687
MF444107.1	true	8429	10103	0.000000007983	3Seq	ref_AB369687	ref_EU723513
MF444106.1	true	8250	10294	0.000000049998	3Seq	ref_KJ496143	ref_KJ013415
MF444105.1	false	0	0				
MF444104.1	false	0	0				
MF444103.1	false	0	0				
MF444102.1	false	0	0				
MF444101.1	false	0	0				
MF444100.1	false	0	0				
MF444099.1	true	44	8405	0.000000000000	3Seq	ref_KJ013415	ref_JQ013791
MF444098.1	false	0	0				
MF444097.1	false	0	0				
MF444096.1	false	0	0				
MF444095.1	true	261	8429	0.000000000000	3Seq	ref_EU723513	ref_AB369687
MF444094.1	false	0	0				
MF444093.1	true	261	8429	0.000000069426	3Seq	ref_EU723513	ref_AB369687
MF444092.1	false	0	0				
MF444091.1	false	0	0				
MF444090.1	true	65	8206	0.000000144462	3Seq	ref_KJ013415	ref_KJ496143
MF444089.1	false	0	0				
MF444088.1	true	103	8409	0.000000202644	3Seq	ref_KJ013415	ref_KJ496143
MF444087.1	false	0	0				
MF444085.1	true	8250	10166	0.000000016212	3Seq	ref_KJ496143	ref_KJ013415
MF444084.1	false	0	0				
MF444082.1	true	8409	10174	0.000000463339	3Seq	ref_KJ496143	ref_KJ013415
MF444081.1	false	0	0				
MF444080.1	false	0	0				
MF444079.1	false	0	0				
MF444078.1	false	0	0				
MF444077.1	true	7814	8308	0.000000007296	3Seq	ref_EU723513	ref_DQ450072
MF444076.1	false	0	0				
MF444075.1	false	0	0				
MF444074.1	true	8424	10240	0.000000000000	3Seq	ref_FJ998008	ref_KJ013415
MF444073.1	true	8429	10017	0.000000234221	3Seq	ref_AB369687	ref_EU723513
MF444072.1	true	44	8409	0.000000001837	3Seq	ref_KJ013415	ref_KJ496143
MF444071.1	true	8500	10174	0.000000002193	3Seq	ref_KJ496143	ref_KJ013415
MF444070.1	false	0	0				
MF444069.1	false	0	0				
MF444068.1	true	261	8429	0.000000283865	3Seq	ref_EU723513	ref_AB369687
MF444067.1	false	0	0				
MF444066.1	true	8429	10017	0.000000000784	3Seq	ref_AB369687	ref_EU723513
MF444065.1	true	8250	10294	0.000000004187	3Seq	ref_KJ496143	ref_KJ013415
MF444064.1	true	7817	8732	0.000000050751	3Seq	ref_FJ906895	ref_DQ450072
MF444063.1	true	44	8250	0.000000001650	3Seq	ref_KJ013415	ref_KJ496143
MF444062.1	false	0	0				
MF444061.1	true	8429	10017	0.000000006426	3Seq	ref_AB369687	ref_EU723513
MF444060.1	false	0	0				
MF444059.1	false	0	0				
MF444058.1	false	0	0				
MF444057.1	true	261	8429	0.000000000000	3Seq	ref_EU723513	ref_AB369687
MF444056.1	true	7855	8338	0.000000178528	3Seq	ref_EU723513	ref_DQ450072
MF444055.1	true	8429	10352	0.000000001033	3Seq	ref_AB369687	ref_EU723513
MF444054.1	false	0	0				
MF444053.1	false	0	0				
MF444052.1	false	0	0				
MF444051.1	false	0	0				
MF444050.1	true	8429	10352	0.000000084716	3Seq	ref_AB369687	ref_EU723513
MF444049.1	true	8250	10294	0.000000000470	3Seq	ref_KJ496143	ref_KJ013415
MF444048.1	false	0	0				
MF444047.1	false	0	0				
MF444046.1	false	0	0				
MF444045.1	false	0	0				
MF444044.1	true	8500	10174	0.000000050671	3Seq	ref_KJ496143	ref_KJ013415
MF444043.1	true	8501	10294	0.000000135234	3Seq	ref_KJ496143	ref_KJ013415
MF444042.1	true	8500	10294	0.000000000556	3Seq	ref_KJ496143	ref_KJ013415
MF444041.1	false	0	0				
MF444040.1	true	261	8478	0.000000004515	3Seq	ref_EU723513	ref_AB369687
MF444039.1	false	0	0				
MF444038.1	false	0	0				
MF444037.1	true	7814	8308	0.000000057747	3Seq	ref_EU723513	ref_DQ450072
MF444036.1	true	8429	10109	0.000000020987	3Seq	ref_AB369687	ref_EU723513
MF444035.1	false	0	0				
MF444034.1	false	0	0				
MF444032.1	false	0	0				
MF444031.1	true	44	8206	0.000000000096	3Seq	ref_KJ013415	ref_KJ496143
MF444030.1	true	7872	10317	0.000000000221	3Seq	ref_KJ496143	ref_KJ013415
MF444029.1	false	0	0				
MF444028.1	false	0	0				
MF444027.1	false	0	0				
MF346773.1	false	0	0				
MF346772.1	false	0	0				
KY766999.1	false	0	0				
KY496200.1	true	72	8405	0.000000000000	3Seq	ref_KJ013415	ref_JQ013791
KY232313.1	false	0	0				
KY232312.1	false	0	0				
KX227751.1	true	28	8405	0.000000000000	3Seq	ref_KJ013415	ref_JQ013791
KX172133.1	true	44	8245	0.000000015423	3Seq	ref_KJ013415	ref_KJ496144
KU980235.1	true	103	8436	0.000000163104	3Seq	ref_KJ013415	ref_KJ496143
KU747142.1	false	0	0				
KU747141.1	false	0	0				
KU513561.1	false	0	0				
KU176132.1	true	7814	8325	0.000000153229	3Seq	ref_EU723513	ref_DQ450072
KU176131.1	true	7814	8308	0.000000014853	3Seq	ref_EU723513	ref_DQ450072
KU176130.1	true	7878	8378	0.000000079662	3Seq	ref_EU723513	ref_DQ450072
KU176129.1	true	8250	10174	0.000000076701	3Seq	ref_KJ496143	ref_KJ013415
KT633715.1	true	7886	8421	0.000000034183	3Seq	ref_AB248521	ref_DQ450072
KT591534.1	false	0	0				
KT591533.1	true	103	8206	0.000000416130	3Seq	ref_KJ013415	ref_KJ496143
KT591532.1	true	100	8206	0.000000367202	3Seq	ref_KJ013415	ref_KJ496143
KT447528.1	true	7774	8385	0.000000000118	3Seq	ref_EU723513	ref_DQ450072
KT447527.1	false	0	0				
KT447526.1	true	7774	8385	0.000000000442	3Seq	ref_EU723513	ref_DQ450072
KT159771.1	false	0	0				
KP698919.1	true	44	8436	0.000000013975	3Seq	ref_KJ013415	ref_KJ496143
KP294371.1	true	7921	8354	0.000000001116	3Seq	ref_AB248521	ref_DQ450072
KJ873911.1	false	0	0				
KJ013415.1	false	0	0				
KJ013414.1	false	0	0				
KF303502.2	true	7897	8361	0.000000031199	3Seq	ref_KJ873911	ref_DQ450072
KC618402.1	true	8250	10174	0.000000030458	3Seq	ref_KJ496143	ref_KJ013415
KC166971.1	false	0	0				
KC166970.1	false	0	0				
KC166969.1	false	0	0				
KC166968.1	false	0	0				
KC166967.1	false	0	0				
JX121233.1	true	72	8259	0.000000000000	3Seq	ref_KJ013415	ref_FJ906895
JX109834.1	true	72	8259	0.000000000000	3Seq	ref_KJ013415	ref_FJ906895
HM055578.1	true	56	8250	0.000000003834	3Seq	ref_KJ013415	ref_KJ496143
JX565469.1	true	28	8239	0.000000000000	3Seq	ref_KJ013415	ref_JQ013791
JQ953666.1	false	0	0				
JQ953665.1	false	0	0				
JQ953664.1	false	0	0				
JQ679014.1	true	7925	8333	0.000000022813	3Seq	ref_KJ873911	ref_DQ450072
JQ679013.1	true	7925	8333	0.000000026201	3Seq	ref_KJ873911	ref_DQ450072
JQ026407.1	true	44	8206	0.000000003525	3Seq	ref_KJ013415	ref_KJ496143
JQ013795.1	false	0	0				
JQ013794.1	true	7814	8325	0.000000158358	3Seq	ref_EU723513	ref_DQ450072
JQ013793.1	true	44	8142	0.000000000000	3Seq	ref_KJ013415	ref_JQ953664
JQ013792.1	true	28	8494	0.000000000000	3Seq	ref_KJ013415	ref_AP003430
JQ013791.1	true	28	8393	0.000000000001	3Seq	ref_KJ013415	ref_AP003430
JN906976.1	false	0	0				
JN906975.1	false	0	0				
JN906974.1	false	0	0				
JN837481.1	true	7859	8358	0.000000000034	3Seq	ref_EU723513	ref_DQ450072
JN564006.1	true	7925	8333	0.000000030068	3Seq	ref_KJ873911	ref_DQ450072
HQ709170.1	true	7925	8333	0.000000028060	3Seq	ref_KJ873911	ref_DQ450072
HQ389544.1	true	7925	8333	0.000000020532	3Seq	ref_KJ873911	ref_DQ450072
HQ389543.1	true	7925	8333	0.000000006956	3Seq	ref_KJ873911	ref_DQ450072
GU937805.1	true	72	8259	0.000000000000	3Seq	ref_KJ013415	ref_FJ906895
FJ956757.1	false	0	0				
FJ705359.1	true	7817	8618	0.000000259629	3Seq	ref_FJ906895	ref_DQ450072
FJ653660.1	false	0	0				
FJ527832.2	true	7878	8358	0.000000000001	3Seq	ref_EU723513	ref_DQ450072
PQ206573.1	false	0	0				
PQ206572.1	false	0	0				
PQ206571.1	false	0	0				
PQ206570.1	false	0	0				
PQ206569.1	true	35	6695	0.000001525255	3Seq	ref_KJ013415	ref_AB856243
PQ206568.1	false	0	0				
PP475173.1	true	36	6602	0.000000486289	3Seq	ref_KJ013415	ref_AB856243
MK330953.1	false	0	0				
MF567575.1	false	0	0				
KY929404.1	true	1964	2805	0.000000000000	3Seq	ref_AB074915	ref_DQ450072
KY929403.1	true	1964	2805	0.000000000000	3Seq	ref_AB074915	ref_DQ450072
KU356189.1	true	1964	2805	0.000000000000	3Seq	ref_AB074915	ref_DQ450072
KU356188.1	true	1964	2805	0.000000000000	3Seq	ref_AB074915	ref_DQ450072
KU356187.1	true	1964	2805	0.000000000000	3Seq	ref_AB074915	ref_DQ450072
KU356186.1	true	1964	2805	0.000000000000	3Seq	ref_AB074915	ref_DQ450072
KU356185.1	true	1964	2805	0.000000000000	3Seq	ref_AB074915	ref_DQ450072
KU356184.1	true	1964	2805	0.000000000000	3Seq	ref_AB074915	ref_DQ450072
KU356183.1	true	1964	2805	0.000000000000	3Seq	ref_AB074915	ref_DQ450072
KU356182.1	true	1964	2805	0.000000000000	3Seq	ref_AB074915	ref_DQ450072
KR872417.1	true	1964	2805	0.000000000000	3Seq	ref_AB074915	ref_DQ450072
KR872416.1	true	1964	2805	0.000000000000	3Seq	ref_AB074915	ref_DQ450072
KR872415.1	true	2018	2805	0.000000000000	3Seq	ref_AB074915	ref_DQ450072
KR872414.1	true	1964	2805	0.000000000000	3Seq	ref_AB074915	ref_DQ450072
KF736234.1	true	1964	2826	0.000000000000	3Seq	ref_AB074915	ref_DQ450072
KC692453.1	false	0	0				
KC492825.1	false	0	0				
KC163335.1	true	36	6695	0.000000055467	3Seq	ref_KJ013415	ref_AB856243
JF915746.1	true	4995	5442	0.000000000000	3Seq	ref_DQ450072	ref_GU119961
JQ993308.1	true	4995	5479	0.000000000000	3Seq	ref_DQ450072	ref_GU119961
JQ740781.1	true	2063	2805	0.000000000000	3Seq	ref_AB074915	ref_DQ450072
HM439284.1	true	1771	2552	0.000000000000	3Seq	ref_DQ450072	ref_DQ279091
HM152568.1	true	36	6696	0.000001763119	3Seq	ref_KJ013415	ref_AB856243
GU206559.1	false	0	0				
PX597112.1	false	0	0				
PX597111.1	false	0	0				
PX597110.1	false	0	0				
PX597109.1	false	0	0				
PQ160058.1	true	6136	6333	0.000002070175	3Seq	ref_FJ457024	ref_AB369688
PQ160057.1	false	0	0				
PQ160056.1	false	0	0				
PQ160055.1	true	6136	6333	0.000001707978	3Seq	ref_FJ457024	ref_AB369688
PQ160054.1	false	0	0				
PQ160053.1	true	6136	6333	0.000001840019	3Seq	ref_FJ457024	ref_AB369688
PQ160052.1	true	6136	6333	0.000000550974	3Seq	ref_FJ457024	ref_AB369688
PQ160051.1	true	6136	6333	0.000002041818	3Seq	ref_FJ457024	ref_AB369688
PQ160050.1	true	6136	6333	0.000002107140	3Seq	ref_FJ457024	ref_AB369688
PQ160049.1	true	6136	6333	0.000002094844	3Seq	ref_FJ457024	ref_AB369688
PQ160048.1	true	6136	6333	0.000000668292	3Seq	ref_FJ457024	ref_AB369688
PQ160047.1	true	6136	6333	0.000002006760	3Seq	ref_FJ457024	ref_AB369688
PQ160046.1	true	6136	6333	0.000002034647	3Seq	ref_FJ457024	ref_AB369688
PQ160045.1	true	6136	6333	0.000002034647	3Seq	ref_FJ457024	ref_AB369688
PP291578.1	false	0	0				
PP291577.1	false	0	0				
MN401238.1	false	0	0				
MH504163.1	false	0	0				
MH504162.1	true	1371	3276	0.000000195855	3Seq	ref_FJ457024	ref_M73218
MH504161.1	false	0	0				
MH504159.1	false	0	0				
MH504158.1	false	0	0				
MH504157.1	false	0	0				
MH504156.1	false	0	0				
MH504155.1	false	0	0				
MH504154.1	true	328	2787	0.000000045244	3Seq	ref_FJ457024	ref_JF443721
KY436507.1	false	0	0				
KY436506.1	false	0	0				
KY436505.1	false	0	0				
JF443726.1	true	1371	3276	0.000002004426	3Seq	ref_FJ457024	ref_M73218
JF443725.1	true	1198	2787	0.000000000001	3Seq	ref_FJ457024	ref_JF443721
JF443724.1	true	1159	2316	0.000000522580	3Seq	ref_FJ457024	ref_JF443721
JF443723.1	false	0	0				
JF443722.1	false	0	0				
JF443721.1	false	0	0				
JF443720.1	true	1219	3239	0.000000000019	3Seq	ref_M73218	ref_FJ457024
JF443719.1	true	1250	3239	0.000000015926	3Seq	ref_M73218	ref_FJ457024
JF443718.1	true	1250	3239	0.000001709539	3Seq	ref_M73218	ref_FJ457024
JF443717.1	false	0	0				
FJ457024.1	false	0	0				
DQ459342.1	true	1250	2126	0.000001815835	3Seq	ref_M73218	ref_FJ457024
PQ160068.1	false	0	0				
PP271983.1	false	0	0				
PP271982.1	true	235	1003	0.000026514942	3Seq	ref_M73218	ref_AB856243
MH809516.1	false	0	0				
