sample	virus	genotype	subgenotype	gene	drug	mutation	detected	type
MN614141.1	HEV	AL_3	AL_3c	NA	NA	NA	NA	genotype
PQ557135.1	HEV	AL_3	AL_3ra	NA	NA	NA	NA	genotype
JQ013792.1	HEV	AL_3	AL_3ra	NA	NA	NA	NA	genotype
MW355335.1	HEV	AL_3	AL_3c	NA	NA	NA	NA	genotype
MW355361.1	HEV	AL_3	AL_3f	NA	NA	NA	NA	genotype
MF444067.1	HEV	AL_3	AL_3f	NA	NA	NA	NA	genotype
PV089664.1	HEV	AL_3	NA	NA	NA	NA	NA	genotype
KC166968.1	HEV	AL_3	AL_3f	NA	NA	NA	NA	genotype
MW355307.1	HEV	AL_3	AL_3h	NA	NA	NA	NA	genotype
MF444032.1	HEV	AL_3	AL_3f	NA	NA	NA	NA	genotype
MW355357.1	HEV	AL_3	AL_3c	NA	NA	NA	NA	genotype
MW355300.1	HEV	AL_3	AL_3c	NA	NA	NA	NA	genotype
PQ206572.1	HEV	AL_4	AL_4d	NA	NA	NA	NA	genotype
KT818608.1	HEV	AL_7	AL_7_KJ496144	NA	NA	NA	NA	genotype
MH377725.1	HEV	AL_3	AL_3_EU360977	NA	NA	NA	NA	genotype
MF444054.1	HEV	AL_3	AL_3f	NA	NA	NA	NA	genotype
MN646694.1	HEV	AL_3	NA	NA	NA	NA	NA	genotype
MF444123.1	HEV	AL_3	AL_3f	NA	NA	NA	NA	genotype
HQ709170.1	HEV	AL_3	AL_3a	NA	NA	NA	NA	genotype
MW355319.1	HEV	AL_3	NA	NA	NA	NA	NA	genotype
MF444044.1	HEV	AL_3	AL_3c	NA	NA	NA	NA	genotype
MW355336.1	HEV	AL_3	AL_3f	NA	NA	NA	NA	genotype
MW355302.1	HEV	AL_3	AL_3h	NA	NA	NA	NA	genotype
MF444099.1	HEV	AL_3	AL_3ra	NA	NA	NA	NA	genotype
PX724179.1	HEV	NA	NA	NA	NA	NA	NA	genotype
MF444040.1	HEV	AL_3	AL_3f	NA	NA	NA	NA	genotype
PX400206.1	HEV	NA	NA	NA	NA	NA	NA	genotype
MW355317.1	HEV	AL_3	AL_3i	NA	NA	NA	NA	genotype
KC692453.1	HEV	AL_4	AL_4a	NA	NA	NA	NA	genotype
PX724178.1	HEV	NA	NA	NA	NA	NA	NA	genotype
MW355365.1	HEV	AL_3	AL_3c	NA	NA	NA	NA	genotype
MW355323.1	HEV	AL_3	AL_3c	NA	NA	NA	NA	genotype
MF480297.1	HEV	AL_3	NA	NA	NA	NA	NA	genotype
MF444086.1	HEV	AL_3	AL_3e	NA	NA	NA	NA	genotype
MH184580.1	HEV	AL_3	AL_3e	NA	NA	NA	NA	genotype
MF444048.1	HEV	AL_3	AL_3f	NA	NA	NA	NA	genotype
MF444091.1	HEV	AL_3	AL_3f	NA	NA	NA	NA	genotype
MK192406.1	HEV	NA	NA	NA	NA	NA	NA	genotype
HQ389543.1	HEV	AL_3	AL_3a	NA	NA	NA	NA	genotype
MW355353.1	HEV	AL_3	AL_3f	NA	NA	NA	NA	genotype
DQ459342.1	HEV	AL_1	AL_1a	NA	NA	NA	NA	genotype
MH504156.1	HEV	AL_1	AL_1a	NA	NA	NA	NA	genotype
MK192409.1	HEV	NA	NA	NA	NA	NA	NA	genotype
GU206559.1	HEV	AL_4	AL_4d	NA	NA	NA	NA	genotype
MW355256.1	HEV	AL_3	AL_3c	NA	NA	NA	NA	genotype
MW355376.1	HEV	AL_3	AL_3f	NA	NA	NA	NA	genotype
MW355354.1	HEV	AL_3	AL_3f	NA	NA	NA	NA	genotype
MF444035.1	HEV	AL_3	AL_3f	NA	NA	NA	NA	genotype
KY436505.1	HEV	AL_1	AL_1a	NA	NA	NA	NA	genotype
MH504140.1	HEV	AL_3	AL_3e	NA	NA	NA	NA	genotype
MF444142.1	HEV	AL_3	AL_3f	NA	NA	NA	NA	genotype
KU176129.1	HEV	AL_3	AL_3c	NA	NA	NA	NA	genotype
MF444070.1	HEV	AL_3	AL_3f	NA	NA	NA	NA	genotype
MW355295.1	HEV	AL_3	AL_3c	NA	NA	NA	NA	genotype
PQ878621.1	HEV	AL_3	AL_3c	NA	NA	NA	NA	genotype
KR872416.1	HEV	AL_4	AL_4h	NA	NA	NA	NA	genotype
MF567575.1	HEV	AL_4	AL_4a	NA	NA	NA	NA	genotype
MW355276.1	HEV	AL_3	AL_3f	NA	NA	NA	NA	genotype
MF444033.1	HEV	AL_3	AL_3f	NA	NA	NA	NA	genotype
MW355345.1	HEV	AL_3	AL_3c	NA	NA	NA	NA	genotype
MG783569.1	HEV	AL_3	AL_3c	NA	NA	NA	NA	genotype
JQ953666.1	HEV	AL_3	AL_3f	NA	NA	NA	NA	genotype
MF444045.1	HEV	AL_3	AL_3f	NA	NA	NA	NA	genotype
KC163335.1	HEV	AL_4	AL_4d	NA	NA	NA	NA	genotype
MH504148.1	HEV	AL_3	AL_3e	NA	NA	NA	NA	genotype
MF444136.1	HEV	AL_3	AL_3h	NA	NA	NA	NA	genotype
MH184582.1	HEV	AL_3	AL_3e	NA	NA	NA	NA	genotype
MF444134.1	HEV	AL_3	AL_3f	NA	NA	NA	NA	genotype
MW355267.1	HEV	AL_3	AL_3c	NA	NA	NA	NA	genotype
MW355382.1	HEV	AL_3	NA	NA	NA	NA	NA	genotype
MW355242.1	HEV	AL_3	AL_3f	NA	NA	NA	NA	genotype
MH377721.1	HEV	AL_3	AL_3i	NA	NA	NA	NA	genotype
MF444079.1	HEV	AL_3	AL_3f	NA	NA	NA	NA	genotype
MW355227.1	HEV	AL_3	AL_3f	NA	NA	NA	NA	genotype
MN646690.1	HEV	AL_3	AL_3c	NA	NA	NA	NA	genotype
MH504138.1	HEV	AL_3	AL_3c	NA	NA	NA	NA	genotype
JQ026407.1	HEV	AL_3	AL_3e	NA	NA	NA	NA	genotype
MW355286.1	HEV	AL_3	AL_3c	NA	NA	NA	NA	genotype
MW355254.1	HEV	AL_3	AL_3f	NA	NA	NA	NA	genotype
MW355309.1	HEV	AL_3	AL_3c	NA	NA	NA	NA	genotype
PV089668.1	HEV	AL_3	NA	NA	NA	NA	NA	genotype
JN564006.1	HEV	AL_3	AL_3a	NA	NA	NA	NA	genotype
MF444094.1	HEV	AL_3	AL_3f	NA	NA	NA	NA	genotype
MH504147.1	HEV	AL_3	NA	NA	NA	NA	NA	genotype
MW355389.1	HEV	AL_3	AL_3f	NA	NA	NA	NA	genotype
HQ389544.1	HEV	AL_3	AL_3a	NA	NA	NA	NA	genotype
MF444028.1	HEV	AL_3	AL_3f	NA	NA	NA	NA	genotype
MF444111.1	HEV	AL_3	AL_3c	NA	NA	NA	NA	genotype
JN837481.1	HEV	AL_3	AL_3a	NA	NA	NA	NA	genotype
MF444108.1	HEV	AL_3	AL_3f	NA	NA	NA	NA	genotype
MF444113.1	HEV	AL_3	AL_3f	NA	NA	NA	NA	genotype
MN646692.1	HEV	AL_3	AL_3f	NA	NA	NA	NA	genotype
MH504135.1	HEV	AL_3	AL_3c	NA	NA	NA	NA	genotype
MW355393.1	HEV	AL_3	AL_3f	NA	NA	NA	NA	genotype
PQ160053.1	HEV	AL_1	AL_1e	NA	NA	NA	NA	genotype
MW355258.1	HEV	AL_3	AL_3f	NA	NA	NA	NA	genotype
MH504137.1	HEV	AL_3	AL_3c	NA	NA	NA	NA	genotype
KY496200.1	HEV	AL_3	AL_3ra	NA	NA	NA	NA	genotype
MF444133.1	HEV	AL_3	AL_3f	NA	NA	NA	NA	genotype
MW355310.1	HEV	AL_3	AL_3f	NA	NA	NA	NA	genotype
MH504158.1	HEV	AL_1	AL_1a	NA	NA	NA	NA	genotype
MW355283.1	HEV	AL_3	AL_3c	NA	NA	NA	NA	genotype
MW355364.1	HEV	AL_3	AL_3c	NA	NA	NA	NA	genotype
MG783570.1	HEV	AL_3	AL_3c	NA	NA	NA	NA	genotype
MF444049.1	HEV	AL_3	AL_3c	NA	NA	NA	NA	genotype
KU670940.1	HEV	NA	NA	NA	NA	NA	NA	genotype
MW355271.1	HEV	AL_3	AL_3c	NA	NA	NA	NA	genotype
KT447527.1	HEV	AL_3	NA	NA	NA	NA	NA	genotype
MF346772.1	HEV	AL_3	NA	NA	NA	NA	NA	genotype
MW355308.1	HEV	AL_3	AL_3f	NA	NA	NA	NA	genotype
MH504136.1	HEV	AL_3	AL_3c	NA	NA	NA	NA	genotype
MW355291.1	HEV	AL_3	AL_3f	NA	NA	NA	NA	genotype
PX724176.1	HEV	NA	NA	NA	NA	NA	NA	genotype
PQ557136.1	HEV	AL_3	AL_3ra	NA	NA	NA	NA	genotype
JQ013793.1	HEV	AL_3	AL_3ra	NA	NA	NA	NA	genotype
MF480298.1	HEV	AL_3	NA	NA	NA	NA	NA	genotype
MW355396.1	HEV	AL_3	AL_3f	NA	NA	NA	NA	genotype
MH450024.1	HEV	AL_3	AL_3f	NA	NA	NA	NA	genotype
MH450027.1	HEV	AL_3	AL_3f	NA	NA	NA	NA	genotype
MH504150.1	HEV	AL_3	AL_3e	NA	NA	NA	NA	genotype
MW355366.1	HEV	AL_3	NA	NA	NA	NA	NA	genotype
MW837255.1	HEV	AL_3	AL_3c	NA	NA	NA	NA	genotype
MW355388.1	HEV	AL_3	AL_3f	NA	NA	NA	NA	genotype
MW355369.1	HEV	AL_3	NA	NA	NA	NA	NA	genotype
MK390971.1	HEV	AL_3	NA	NA	NA	NA	NA	genotype
MT362711.1	HEV	AL_3	AL_3c	NA	NA	NA	NA	genotype
KJ013414.1	HEV	AL_3	AL_3ra	NA	NA	NA	NA	genotype
KU356186.1	HEV	AL_4	AL_4h	NA	NA	NA	NA	genotype
JQ679013.1	HEV	AL_3	AL_3a	NA	NA	NA	NA	genotype
PQ160058.1	HEV	AL_1	AL_1e	NA	NA	NA	NA	genotype
MF444145.1	HEV	AL_3	AL_3h	NA	NA	NA	NA	genotype
MW355367.1	HEV	AL_3	AL_3c	NA	NA	NA	NA	genotype
MH504130.1	HEV	AL_3	AL_3a	NA	NA	NA	NA	genotype
MW355230.1	HEV	AL_3	AL_3f	NA	NA	NA	NA	genotype
MH504159.1	HEV	AL_1	AL_1a	NA	NA	NA	NA	genotype
MW355371.1	HEV	AL_3	AL_3f	NA	NA	NA	NA	genotype
MF346773.1	HEV	AL_3	NA	NA	NA	NA	NA	genotype
MN646696.1	HEV	AL_3	AL_3f	NA	NA	NA	NA	genotype
MF444118.1	HEV	AL_3	AL_3f	NA	NA	NA	NA	genotype
KU176131.1	HEV	AL_3	AL_3h	NA	NA	NA	NA	genotype
PQ160049.1	HEV	AL_1	AL_1e	NA	NA	NA	NA	genotype
MF444081.1	HEV	AL_3	AL_3f	NA	NA	NA	NA	genotype
MW355224.1	HEV	AL_3	AL_3c	NA	NA	NA	NA	genotype
MW002523.1	HEV	AL_3	AL_3ra	NA	NA	NA	NA	genotype
MW355403.1	HEV	AL_3	AL_3e	NA	NA	NA	NA	genotype
MN629976.1	HEV	AL_3	AL_3c	NA	NA	NA	NA	genotype
MW355250.1	HEV	AL_3	AL_3f	NA	NA	NA	NA	genotype
MF444088.1	HEV	AL_3	AL_3f	NA	NA	NA	NA	genotype
MW355231.1	HEV	AL_3	AL_3c	NA	NA	NA	NA	genotype
PP475173.1	HEV	AL_4	AL_4b	NA	NA	NA	NA	genotype
MF444072.1	HEV	AL_3	AL_3c	NA	NA	NA	NA	genotype
MW355240.1	HEV	AL_3	AL_3f	NA	NA	NA	NA	genotype
MF444115.1	HEV	AL_3	AL_3c	NA	NA	NA	NA	genotype
JF915746.1	HEV	AL_4	AL_4i	NA	NA	NA	NA	genotype
KU513561.1	HEV	AL_3	NA	NA	NA	NA	NA	genotype
MH504144.1	HEV	AL_3	AL_3e	NA	NA	NA	NA	genotype
KF303502.2	HEV	AL_3	AL_3a	NA	NA	NA	NA	genotype
KY436898.1	HEV	AL_3	AL_3ra	NA	NA	NA	NA	genotype
MK192408.1	HEV	NA	NA	NA	NA	NA	NA	genotype
MH450030.1	HEV	AL_3	AL_3f	NA	NA	NA	NA	genotype
MF444085.1	HEV	AL_3	AL_3c	NA	NA	NA	NA	genotype
MF444114.1	HEV	AL_3	AL_3c	NA	NA	NA	NA	genotype
KU356189.1	HEV	AL_4	AL_4h	NA	NA	NA	NA	genotype
MF444100.1	HEV	AL_3	AL_3f	NA	NA	NA	NA	genotype
JQ679014.1	HEV	AL_3	AL_3a	NA	NA	NA	NA	genotype
MH504125.1	HEV	AL_3	AL_3c	NA	NA	NA	NA	genotype
MW355333.1	HEV	AL_3	AL_3f	NA	NA	NA	NA	genotype
MF444112.1	HEV	AL_3	AL_3f	NA	NA	NA	NA	genotype
KC166967.1	HEV	AL_3	AL_3f	NA	NA	NA	NA	genotype
MH504162.1	HEV	AL_1	AL_1f	NA	NA	NA	NA	genotype
MF444141.1	HEV	AL_3	AL_3e	NA	NA	NA	NA	genotype
MF444053.1	HEV	AL_3	AL_3f	NA	NA	NA	NA	genotype
MW835253.1	HEV	AL_7	AL_7a	NA	NA	NA	NA	genotype
MW355386.1	HEV	AL_3	AL_3c	NA	NA	NA	NA	genotype
MF444125.1	HEV	AL_3	AL_3f	NA	NA	NA	NA	genotype
MH377727.1	HEV	AL_3	AL_3c	NA	NA	NA	NA	genotype
MW355322.1	HEV	AL_3	AL_3f	NA	NA	NA	NA	genotype
MF444101.1	HEV	AL_3	AL_3f	NA	NA	NA	NA	genotype
MW355385.1	HEV	AL_3	AL_3c	NA	NA	NA	NA	genotype
MF444080.1	HEV	AL_3	NA	NA	NA	NA	NA	genotype
MH184583.1	HEV	AL_3	AL_3e	NA	NA	NA	NA	genotype
MW355404.1	HEV	AL_3	NA	NA	NA	NA	NA	genotype
JX121233.1	HEV	AL_3	AL_3ra	NA	NA	NA	NA	genotype
KY232313.1	HEV	AL_3	AL_3f	NA	NA	NA	NA	genotype
MW355284.1	HEV	AL_3	AL_3c	NA	NA	NA	NA	genotype
MF444129.1	HEV	AL_3	AL_3f	NA	NA	NA	NA	genotype
MH410174.1	HEV	NA	NA	NA	NA	NA	NA	genotype
MW355326.1	HEV	AL_3	AL_3f	NA	NA	NA	NA	genotype
MW355316.1	HEV	AL_3	AL_3c	NA	NA	NA	NA	genotype
PP982543.1	HEV	AL_3	AL_3c	NA	NA	NA	NA	genotype
MH504133.1	HEV	AL_3	AL_3c	NA	NA	NA	NA	genotype
MH504129.1	HEV	AL_3	AL_3c	NA	NA	NA	NA	genotype
MH450031.1	HEV	AL_3	AL_3f	NA	NA	NA	NA	genotype
KP294371.1	HEV	AL_3	NA	NA	NA	NA	NA	genotype
PV605258.1	HEV	NA	NA	NA	NA	NA	NA	genotype
MH377726.1	HEV	AL_3	AL_3f	NA	NA	NA	NA	genotype
MT840367.1	HEV	AL_3	AL_3e	NA	NA	NA	NA	genotype
MW355338.1	HEV	AL_3	AL_3c	NA	NA	NA	NA	genotype
MW355351.1	HEV	AL_3	AL_3f	NA	NA	NA	NA	genotype
MH184579.1	HEV	AL_3	AL_3e	NA	NA	NA	NA	genotype
MN646693.1	HEV	AL_3	AL_3f	NA	NA	NA	NA	genotype
MF444093.1	HEV	AL_3	AL_3f	NA	NA	NA	NA	genotype
KY929403.1	HEV	AL_4	AL_4h	NA	NA	NA	NA	genotype
MW355301.1	HEV	AL_3	AL_3f	NA	NA	NA	NA	genotype
KU980235.1	HEV	AL_3	NA	NA	NA	NA	NA	genotype
KC492825.1	HEV	AL_4	AL_4a	NA	NA	NA	NA	genotype
PV089662.1	HEV	AL_3	NA	NA	NA	NA	NA	genotype
MW355237.1	HEV	AL_3	AL_3f	NA	NA	NA	NA	genotype
MW355287.1	HEV	AL_3	AL_3c	NA	NA	NA	NA	genotype
MF444069.1	HEV	AL_3	AL_3f	NA	NA	NA	NA	genotype
PV089665.1	HEV	AL_3	NA	NA	NA	NA	NA	genotype
HM055578.1	HEV	AL_3	AL_3e	NA	NA	NA	NA	genotype
MF444058.1	HEV	AL_3	AL_3f	NA	NA	NA	NA	genotype
MW355303.1	HEV	AL_3	AL_3c	NA	NA	NA	NA	genotype
PQ160050.1	HEV	AL_1	AL_1e	NA	NA	NA	NA	genotype
MF444055.1	HEV	AL_3	AL_3f	NA	NA	NA	NA	genotype
MF444027.1	HEV	AL_3	AL_3f	NA	NA	NA	NA	genotype
MT840362.1	HEV	AL_3	AL_3c	NA	NA	NA	NA	genotype
MF444052.1	HEV	AL_3	AL_3f	NA	NA	NA	NA	genotype
MF444076.1	HEV	AL_3	AL_3f	NA	NA	NA	NA	genotype
MH377723.1	HEV	AL_3	AL_3c	NA	NA	NA	NA	genotype
MF444057.1	HEV	AL_3	AL_3f	NA	NA	NA	NA	genotype
MH410175.1	HEV	NA	NA	NA	NA	NA	NA	genotype
MW355392.1	HEV	AL_3	AL_3f	NA	NA	NA	NA	genotype
MH504145.1	HEV	AL_3	AL_3e	NA	NA	NA	NA	genotype
MW355379.1	HEV	AL_3	AL_3c	NA	NA	NA	NA	genotype
KX172133.1	HEV	AL_3	AL_3c	NA	NA	NA	NA	genotype
MW355221.1	HEV	AL_3	AL_3c	NA	NA	NA	NA	genotype
MF444128.1	HEV	AL_3	AL_3c	NA	NA	NA	NA	genotype
MF444068.1	HEV	AL_3	AL_3f	NA	NA	NA	NA	genotype
PX597111.1	HEV	AL_1	AL_1e	NA	NA	NA	NA	genotype
KT447526.1	HEV	AL_3	AL_3a	NA	NA	NA	NA	genotype
PQ206571.1	HEV	AL_4	AL_4d	NA	NA	NA	NA	genotype
MW355263.1	HEV	AL_3	AL_3c	NA	NA	NA	NA	genotype
KC618402.1	HEV	AL_3	AL_3c	NA	NA	NA	NA	genotype
KU356184.1	HEV	AL_4	AL_4h	NA	NA	NA	NA	genotype
MW355362.1	HEV	AL_3	AL_3c	NA	NA	NA	NA	genotype
JF443726.1	HEV	AL_1	AL_1f	NA	NA	NA	NA	genotype
MW355281.1	HEV	AL_3	NA	NA	NA	NA	NA	genotype
MW355297.1	HEV	AL_3	AL_3c	NA	NA	NA	NA	genotype
MW355290.1	HEV	AL_3	NA	NA	NA	NA	NA	genotype
MH450021.1	HEV	AL_3	AL_3c	NA	NA	NA	NA	genotype
MH450020.1	HEV	AL_3	AL_3f	NA	NA	NA	NA	genotype
HM439284.1	HEV	AL_4	AL_4i	NA	NA	NA	NA	genotype
MF444062.1	HEV	AL_3	AL_3f	NA	NA	NA	NA	genotype
PQ557137.1	HEV	AL_3	AL_3ra	NA	NA	NA	NA	genotype
MH450029.1	HEV	AL_3	AL_3f	NA	NA	NA	NA	genotype
JQ740781.1	HEV	AL_4	AL_4h	NA	NA	NA	NA	genotype
MF444121.1	HEV	AL_3	AL_3_JQ953664	NA	NA	NA	NA	genotype
MF444116.1	HEV	AL_3	AL_3f	NA	NA	NA	NA	genotype
JQ013794.1	HEV	AL_3	AL_3h	NA	NA	NA	NA	genotype
MW355348.1	HEV	AL_3	AL_3f	NA	NA	NA	NA	genotype
MW355294.1	HEV	AL_3	AL_3c	NA	NA	NA	NA	genotype
MW355217.1	HEV	AL_3	AL_3c	NA	NA	NA	NA	genotype
JF443720.1	HEV	AL_1	AL_1a	NA	NA	NA	NA	genotype
PP706698.1	HEV	AL_3	NA	NA	NA	NA	NA	genotype
MF444031.1	HEV	AL_3	AL_3c	NA	NA	NA	NA	genotype
MW355339.1	HEV	AL_3	AL_3f	NA	NA	NA	NA	genotype
MH450026.1	HEV	AL_3	AL_3f	NA	NA	NA	NA	genotype
MW355280.1	HEV	AL_3	AL_3c	NA	NA	NA	NA	genotype
MW355228.1	HEV	AL_3	AL_3f	NA	NA	NA	NA	genotype
MH504157.1	HEV	AL_1	AL_1a	NA	NA	NA	NA	genotype
PQ160052.1	HEV	AL_1	AL_1e	NA	NA	NA	NA	genotype
JF443717.1	HEV	AL_1	AL_1c	NA	NA	NA	NA	genotype
MH450025.1	HEV	AL_3	AL_3f	NA	NA	NA	NA	genotype
KY929404.1	HEV	AL_4	AL_4h	NA	NA	NA	NA	genotype
MW355375.1	HEV	AL_3	AL_3f	NA	NA	NA	NA	genotype
MF444084.1	HEV	AL_3	AL_3f	NA	NA	NA	NA	genotype
MF444061.1	HEV	AL_3	AL_3f	NA	NA	NA	NA	genotype
MF444060.1	HEV	AL_3	AL_3f	NA	NA	NA	NA	genotype
MG211750.1	HEV	AL_3	NA	NA	NA	NA	NA	genotype
MW355327.1	HEV	AL_3	AL_3c	NA	NA	NA	NA	genotype
MF444107.1	HEV	AL_3	AL_3f	NA	NA	NA	NA	genotype
MW355251.1	HEV	AL_3	AL_3f	NA	NA	NA	NA	genotype
PQ206570.1	HEV	AL_4	AL_4d	NA	NA	NA	NA	genotype
MW355264.1	HEV	AL_3	AL_3c	NA	NA	NA	NA	genotype
MW355401.1	HEV	AL_3	AL_3f	NA	NA	NA	NA	genotype
MT840360.1	HEV	AL_3	AL_3c	NA	NA	NA	NA	genotype
MW355239.1	HEV	AL_3	AL_3f	NA	NA	NA	NA	genotype
MW355262.1	HEV	AL_3	AL_3c	NA	NA	NA	NA	genotype
MW355253.1	HEV	AL_3	AL_3f	NA	NA	NA	NA	genotype
HM152568.1	HEV	AL_4	AL_4d	NA	NA	NA	NA	genotype
MF444073.1	HEV	AL_3	AL_3f	NA	NA	NA	NA	genotype
FJ527832.2	HEV	AL_3	AL_3b	NA	NA	NA	NA	genotype
MH504139.1	HEV	AL_3	AL_3e	NA	NA	NA	NA	genotype
KR872414.1	HEV	AL_4	AL_4h	NA	NA	NA	NA	genotype
MW355257.1	HEV	AL_3	AL_3f	NA	NA	NA	NA	genotype
MW355304.1	HEV	AL_3	AL_3c	NA	NA	NA	NA	genotype
MW355383.1	HEV	AL_3	AL_3i	NA	NA	NA	NA	genotype
MH504143.1	HEV	AL_3	AL_3e	NA	NA	NA	NA	genotype
MW355255.1	HEV	AL_3	AL_3f	NA	NA	NA	NA	genotype
PQ160046.1	HEV	AL_1	AL_1e	NA	NA	NA	NA	genotype
JQ993308.1	HEV	AL_4	AL_4i	NA	NA	NA	NA	genotype
MW355350.1	HEV	AL_3	AL_3f	NA	NA	NA	NA	genotype
MK192405.1	HEV	NA	NA	NA	NA	NA	NA	genotype
MW355398.1	HEV	AL_3	AL_3f	NA	NA	NA	NA	genotype
MW355238.1	HEV	AL_3	AL_3f	NA	NA	NA	NA	genotype
PQ206573.1	HEV	AL_4	AL_4d	NA	NA	NA	NA	genotype
MW355233.1	HEV	AL_3	AL_3c	NA	NA	NA	NA	genotype
MW355306.1	HEV	AL_3	AL_3f	NA	NA	NA	NA	genotype
MF444131.1	HEV	AL_3	AL_3_JQ953664	NA	NA	NA	NA	genotype
MN614140.1	HEV	AL_3	AL_3c	NA	NA	NA	NA	genotype
MT362712.1	HEV	AL_3	AL_3c	NA	NA	NA	NA	genotype
PV089663.1	HEV	AL_3	NA	NA	NA	NA	NA	genotype
MH504152.1	HEV	AL_3	AL_3e	NA	NA	NA	NA	genotype
KR872415.1	HEV	AL_4	AL_4h	NA	NA	NA	NA	genotype
FJ457024.1	HEV	AL_1	NA	NA	NA	NA	NA	genotype
MF444029.1	HEV	AL_3	AL_3f	NA	NA	NA	NA	genotype
MW355225.1	HEV	AL_3	AL_3a	NA	NA	NA	NA	genotype
FJ653660.1	HEV	AL_3	AL_3f	NA	NA	NA	NA	genotype
MF959765.1	HEV	AL_3	NA	NA	NA	NA	NA	genotype
MF444043.1	HEV	AL_3	AL_3c	NA	NA	NA	NA	genotype
MN646691.1	HEV	AL_3	AL_3e	NA	NA	NA	NA	genotype
MW355360.1	HEV	AL_3	AL_3c	NA	NA	NA	NA	genotype
MN646695.1	HEV	AL_3	AL_3f	NA	NA	NA	NA	genotype
MW355321.1	HEV	AL_3	AL_3c	NA	NA	NA	NA	genotype
KC166970.1	HEV	AL_3	AL_3f	NA	NA	NA	NA	genotype
FJ956757.1	HEV	AL_3	AL_3f	NA	NA	NA	NA	genotype
MF444139.1	HEV	AL_3	AL_3f	NA	NA	NA	NA	genotype
JF443724.1	HEV	AL_1	AL_1f	NA	NA	NA	NA	genotype
JF443722.1	HEV	AL_1	AL_1f	NA	NA	NA	NA	genotype
MH377722.1	HEV	AL_3	AL_3c	NA	NA	NA	NA	genotype
MW355278.1	HEV	AL_3	AL_3c	NA	NA	NA	NA	genotype
MF444135.1	HEV	AL_3	AL_3f	NA	NA	NA	NA	genotype
MN646689.1	HEV	AL_3	AL_3f	NA	NA	NA	NA	genotype
MW355332.1	HEV	AL_3	AL_3c	NA	NA	NA	NA	genotype
MH410176.1	HEV	NA	NA	NA	NA	NA	NA	genotype
MW355377.1	HEV	AL_3	NA	NA	NA	NA	NA	genotype
PX597109.1	HEV	AL_1	AL_1e	NA	NA	NA	NA	genotype
KT591534.1	HEV	AL_3	AL_3f	NA	NA	NA	NA	genotype
JQ953664.1	HEV	AL_3	AL_3_JQ953664	NA	NA	NA	NA	genotype
MF444106.1	HEV	AL_3	AL_3c	NA	NA	NA	NA	genotype
MW355395.1	HEV	AL_3	AL_3f	NA	NA	NA	NA	genotype
MF444143.1	HEV	AL_3	AL_3c	NA	NA	NA	NA	genotype
PQ160057.1	HEV	AL_1	AL_1e	NA	NA	NA	NA	genotype
PX971288.1	HEV	AL_3	NA	NA	NA	NA	NA	genotype
MF444046.1	HEV	AL_3	AL_3f	NA	NA	NA	NA	genotype
MF444089.1	HEV	AL_3	NA	NA	NA	NA	NA	genotype
MH504149.1	HEV	AL_3	AL_3e	NA	NA	NA	NA	genotype
MW355318.1	HEV	AL_3	AL_3f	NA	NA	NA	NA	genotype
MW837253.1	HEV	AL_3	AL_3c	NA	NA	NA	NA	genotype
MW355373.1	HEV	AL_3	AL_3f	NA	NA	NA	NA	genotype
KJ873911.1	HEV	AL_3	AL_3_KJ873911	NA	NA	NA	NA	genotype
MH184581.1	HEV	AL_3	AL_3e	NA	NA	NA	NA	genotype
KU356185.1	HEV	AL_4	AL_4h	NA	NA	NA	NA	genotype
KT591533.1	HEV	AL_3	AL_3f	NA	NA	NA	NA	genotype
MW355236.1	HEV	AL_3	NA	NA	NA	NA	NA	genotype
KC166969.1	HEV	AL_3	AL_3f	NA	NA	NA	NA	genotype
MW355218.1	HEV	AL_3	AL_3c	NA	NA	NA	NA	genotype
PQ206569.1	HEV	AL_4	AL_4d	NA	NA	NA	NA	genotype
MW355390.1	HEV	AL_3	AL_3f	NA	NA	NA	NA	genotype
MW355341.1	HEV	AL_3	AL_3c	NA	NA	NA	NA	genotype
MF444042.1	HEV	AL_3	AL_3c	NA	NA	NA	NA	genotype
MF959764.1	HEV	AL_3	AL_3i	NA	NA	NA	NA	genotype
MN401237.1	HEV	AL_3	AL_3f	NA	NA	NA	NA	genotype
MT920909.1	HEV	NA	NA	NA	NA	NA	NA	genotype
MW355266.1	HEV	AL_3	AL_3f	NA	NA	NA	NA	genotype
MW355273.1	HEV	AL_3	AL_3c	NA	NA	NA	NA	genotype
MF444120.1	HEV	AL_3	AL_3h	NA	NA	NA	NA	genotype
KJ496144.1	HEV	AL_7	AL_7_KJ496144	NA	NA	NA	NA	genotype
MW355337.1	HEV	AL_3	AL_3f	NA	NA	NA	NA	genotype
MW002522.1	HEV	AL_3	AL_3ra	NA	NA	NA	NA	genotype
MW355268.1	HEV	AL_3	AL_3c	NA	NA	NA	NA	genotype
MK192407.1	HEV	NA	NA	NA	NA	NA	NA	genotype
MF444138.1	HEV	AL_3	AL_3f	NA	NA	NA	NA	genotype
JN906975.1	HEV	AL_3	AL_3f	NA	NA	NA	NA	genotype
MW355397.1	HEV	AL_3	AL_3f	NA	NA	NA	NA	genotype
MW355387.1	HEV	AL_3	AL_3f	NA	NA	NA	NA	genotype
MH504141.1	HEV	AL_3	AL_3e	NA	NA	NA	NA	genotype
MW835252.1	HEV	AL_7	AL_7a	NA	NA	NA	NA	genotype
MH504132.1	HEV	AL_3	AL_3c	NA	NA	NA	NA	genotype
MW355331.1	HEV	AL_3	AL_3f	NA	NA	NA	NA	genotype
MH504155.1	HEV	AL_1	NA	NA	NA	NA	NA	genotype
MW355241.1	HEV	AL_3	AL_3f	NA	NA	NA	NA	genotype
MW355314.1	HEV	AL_3	AL_3c	NA	NA	NA	NA	genotype
MH377724.1	HEV	AL_3	AL_3e	NA	NA	NA	NA	genotype
MW355252.1	HEV	AL_3	AL_3f	NA	NA	NA	NA	genotype
MW355270.1	HEV	AL_3	AL_3c	NA	NA	NA	NA	genotype
PX597112.1	HEV	AL_1	AL_1e	NA	NA	NA	NA	genotype
MH450023.1	HEV	AL_3	AL_3f	NA	NA	NA	NA	genotype
MW355272.1	HEV	AL_3	AL_3f	NA	NA	NA	NA	genotype
MW355356.1	HEV	AL_3	AL_3f	NA	NA	NA	NA	genotype
MF444102.1	HEV	AL_3	AL_3f	NA	NA	NA	NA	genotype
MW355343.1	HEV	AL_3	AL_3f	NA	NA	NA	NA	genotype
MG573193.1	HEV	AL_3	NA	NA	NA	NA	NA	genotype
KU176130.1	HEV	AL_3	NA	NA	NA	NA	NA	genotype
MW355299.1	HEV	AL_3	AL_3f	NA	NA	NA	NA	genotype
MW355226.1	HEV	AL_3	AL_3c	NA	NA	NA	NA	genotype
MF444087.1	HEV	AL_3	AL_3f	NA	NA	NA	NA	genotype
MH504142.1	HEV	AL_3	AL_3e	NA	NA	NA	NA	genotype
MW355384.1	HEV	AL_3	AL_3f	NA	NA	NA	NA	genotype
KT447528.1	HEV	AL_3	AL_3a	NA	NA	NA	NA	genotype
JF443725.1	HEV	AL_1	AL_1f	NA	NA	NA	NA	genotype
KU356187.1	HEV	AL_4	AL_4h	NA	NA	NA	NA	genotype
MF444066.1	HEV	AL_3	AL_3f	NA	NA	NA	NA	genotype
MW355261.1	HEV	AL_3	AL_3f	NA	NA	NA	NA	genotype
MW355296.1	HEV	AL_3	AL_3f	NA	NA	NA	NA	genotype
MW355229.1	HEV	AL_3	AL_3c	NA	NA	NA	NA	genotype
MW355334.1	HEV	AL_3	AL_3c	NA	NA	NA	NA	genotype
MG783571.1	HEV	NA	NA	NA	NA	NA	NA	genotype
MF444104.1	HEV	AL_3	AL_3f	NA	NA	NA	NA	genotype
MF444119.1	HEV	AL_3	AL_3f	NA	NA	NA	NA	genotype
KR872417.1	HEV	AL_4	AL_4h	NA	NA	NA	NA	genotype
KF736234.1	HEV	AL_4	AL_4h	NA	NA	NA	NA	genotype
MW355342.1	HEV	AL_3	AL_3f	NA	NA	NA	NA	genotype
MT840363.1	HEV	AL_3	AL_3e	NA	NA	NA	NA	genotype
MW355275.1	HEV	AL_3	AL_3_JQ953664	NA	NA	NA	NA	genotype
MF444096.1	HEV	AL_3	AL_3f	NA	NA	NA	NA	genotype
MW355277.1	HEV	AL_3	AL_3c	NA	NA	NA	NA	genotype
PV089670.1	HEV	AL_3	AL_3f	NA	NA	NA	NA	genotype
MH504163.1	HEV	AL_1	AL_1a	NA	NA	NA	NA	genotype
MF444051.1	HEV	AL_3	AL_3f	NA	NA	NA	NA	genotype
PQ557134.1	HEV	AL_3	AL_3ra	NA	NA	NA	NA	genotype
MF444059.1	HEV	AL_3	AL_3f	NA	NA	NA	NA	genotype
JF443718.1	HEV	AL_1	AL_1a	NA	NA	NA	NA	genotype
MF444074.1	HEV	AL_3	AL_3ra	NA	NA	NA	NA	genotype
JX109834.1	HEV	AL_3	AL_3ra	NA	NA	NA	NA	genotype
JF443723.1	HEV	AL_1	AL_1f	NA	NA	NA	NA	genotype
PQ160045.1	HEV	AL_1	AL_1e	NA	NA	NA	NA	genotype
KT159771.1	HEV	AL_3	AL_3c	NA	NA	NA	NA	genotype
MH504128.1	HEV	AL_3	AL_3c	NA	NA	NA	NA	genotype
MW355380.1	HEV	AL_3	AL_3f	NA	NA	NA	NA	genotype
MW355358.1	HEV	AL_3	AL_3f	NA	NA	NA	NA	genotype
MW355330.1	HEV	AL_3	AL_3f	NA	NA	NA	NA	genotype
MW355378.1	HEV	AL_3	AL_3c	NA	NA	NA	NA	genotype
MF444122.1	HEV	AL_3	AL_3c	NA	NA	NA	NA	genotype
KY436507.1	HEV	AL_1	NA	NA	NA	NA	NA	genotype
MW355391.1	HEV	AL_3	AL_3c	NA	NA	NA	NA	genotype
PQ160051.1	HEV	AL_1	AL_1e	NA	NA	NA	NA	genotype
MH504124.1	HEV	AL_3	AL_3c	NA	NA	NA	NA	genotype
MW355315.1	HEV	AL_3	AL_3f	NA	NA	NA	NA	genotype
MT840359.1	HEV	AL_3	AL_3c	NA	NA	NA	NA	genotype
MT364355.1	HEV	AL_3	AL_3ra	NA	NA	NA	NA	genotype
MH504161.1	HEV	AL_1	AL_1a	NA	NA	NA	NA	genotype
MF444047.1	HEV	AL_3	AL_3f	NA	NA	NA	NA	genotype
MW355246.1	HEV	AL_3	AL_3h	NA	NA	NA	NA	genotype
MW355324.1	HEV	AL_3	AL_3f	NA	NA	NA	NA	genotype
MF444037.1	HEV	AL_3	AL_3h	NA	NA	NA	NA	genotype
MW355274.1	HEV	AL_3	AL_3f	NA	NA	NA	NA	genotype
MH504154.1	HEV	AL_1	AL_1f	NA	NA	NA	NA	genotype
KT591532.1	HEV	AL_3	AL_3f	NA	NA	NA	NA	genotype
KJ013415.1	HEV	AL_3	AL_3ra	NA	NA	NA	NA	genotype
PQ160055.1	HEV	AL_1	AL_1e	NA	NA	NA	NA	genotype
MH504151.1	HEV	AL_3	AL_3f	NA	NA	NA	NA	genotype
MF444038.1	HEV	AL_3	AL_3f	NA	NA	NA	NA	genotype
MW355288.1	HEV	AL_3	AL_3a	NA	NA	NA	NA	genotype
PV089666.1	HEV	AL_3	NA	NA	NA	NA	NA	genotype
MF444063.1	HEV	AL_3	AL_3c	NA	NA	NA	NA	genotype
MW355220.1	HEV	AL_3	AL_3c	NA	NA	NA	NA	genotype
KY232312.1	HEV	AL_3	AL_3f	NA	NA	NA	NA	genotype
MW355394.1	HEV	AL_3	AL_3f	NA	NA	NA	NA	genotype
MW355249.1	HEV	AL_3	AL_3f	NA	NA	NA	NA	genotype
MK390970.1	HEV	AL_3	NA	NA	NA	NA	NA	genotype
MW355298.1	HEV	AL_3	AL_3c	NA	NA	NA	NA	genotype
MF444036.1	HEV	AL_3	AL_3f	NA	NA	NA	NA	genotype
MW355282.1	HEV	AL_3	AL_3c	NA	NA	NA	NA	genotype
MW355244.1	HEV	AL_3	AL_3f	NA	NA	NA	NA	genotype
MF444034.1	HEV	AL_3	AL_3f	NA	NA	NA	NA	genotype
MF444083.1	HEV	AL_3	AL_3f	NA	NA	NA	NA	genotype
JX565469.1	HEV	AL_3	AL_3ra	NA	NA	NA	NA	genotype
MF444095.1	HEV	AL_3	AL_3f	NA	NA	NA	NA	genotype
MW355235.1	HEV	AL_3	AL_3c	NA	NA	NA	NA	genotype
PP291578.1	HEV	AL_1	AL_1b	NA	NA	NA	NA	genotype
FJ705359.1	HEV	AL_3	AL_3c	NA	NA	NA	NA	genotype
MK330953.1	HEV	AL_4	AL_4a	NA	NA	NA	NA	genotype
MH504127.1	HEV	AL_3	AL_3c	NA	NA	NA	NA	genotype
MN401238.1	HEV	AL_1	AL_1a	NA	NA	NA	NA	genotype
MW355340.1	HEV	AL_3	AL_3f	NA	NA	NA	NA	genotype
MW355370.1	HEV	AL_3	AL_3c	NA	NA	NA	NA	genotype
MF444041.1	HEV	AL_3	AL_3f	NA	NA	NA	NA	genotype
MW355329.1	HEV	AL_3	AL_3f	NA	NA	NA	NA	genotype
PQ160048.1	HEV	AL_1	AL_1e	NA	NA	NA	NA	genotype
MW355402.1	HEV	AL_3	AL_3c	NA	NA	NA	NA	genotype
PP271983.1	HEV	AL_2	AL_2a	NA	NA	NA	NA	genotype
MW355243.1	HEV	AL_3	NA	NA	NA	NA	NA	genotype
MW355359.1	HEV	AL_3	NA	NA	NA	NA	NA	genotype
MW355372.1	HEV	AL_3	AL_3c	NA	NA	NA	NA	genotype
MW355325.1	HEV	AL_3	AL_3f	NA	NA	NA	NA	genotype
MF444056.1	HEV	AL_3	AL_3h	NA	NA	NA	NA	genotype
MW355349.1	HEV	AL_3	AL_3f	NA	NA	NA	NA	genotype
MW355245.1	HEV	AL_3	AL_3c	NA	NA	NA	NA	genotype
JQ953665.1	HEV	AL_3	AL_3e	NA	NA	NA	NA	genotype
KU356183.1	HEV	AL_4	AL_4h	NA	NA	NA	NA	genotype
MF444098.1	HEV	AL_3	AL_3f	NA	NA	NA	NA	genotype
MF444117.1	HEV	AL_3	AL_3f	NA	NA	NA	NA	genotype
MW355368.1	HEV	AL_3	NA	NA	NA	NA	NA	genotype
MH450022.1	HEV	AL_3	AL_3a	NA	NA	NA	NA	genotype
GU937805.1	HEV	AL_3	AL_3ra	NA	NA	NA	NA	genotype
JF443721.1	HEV	AL_1	AL_1f	NA	NA	NA	NA	genotype
MW355399.1	HEV	AL_3	NA	NA	NA	NA	NA	genotype
MW355363.1	HEV	AL_3	AL_3f	NA	NA	NA	NA	genotype
MF444078.1	HEV	AL_3	AL_3f	NA	NA	NA	NA	genotype
JQ013795.1	HEV	AL_3	AL_3e	NA	NA	NA	NA	genotype
PP291577.1	HEV	AL_1	AL_1b	NA	NA	NA	NA	genotype
MF444065.1	HEV	AL_3	AL_3c	NA	NA	NA	NA	genotype
MW355313.1	HEV	AL_3	AL_3c	NA	NA	NA	NA	genotype
MW355320.1	HEV	AL_3	AL_3c	NA	NA	NA	NA	genotype
PX597110.1	HEV	AL_1	AL_1e	NA	NA	NA	NA	genotype
MG211751.1	HEV	AL_3	NA	NA	NA	NA	NA	genotype
MW355285.1	HEV	AL_3	AL_3f	NA	NA	NA	NA	genotype
MF444126.1	HEV	AL_3	AL_3f	NA	NA	NA	NA	genotype
KT633715.1	HEV	AL_3	AL_3b	NA	NA	NA	NA	genotype
PX724177.1	HEV	NA	NA	NA	NA	NA	NA	genotype
MF444090.1	HEV	AL_3	AL_3f	NA	NA	NA	NA	genotype
MH450028.1	HEV	AL_3	AL_3f	NA	NA	NA	NA	genotype
MW355352.1	HEV	AL_3	AL_3f	NA	NA	NA	NA	genotype
KU356182.1	HEV	AL_4	AL_4h	NA	NA	NA	NA	genotype
JN906974.1	HEV	AL_3	AL_3f	NA	NA	NA	NA	genotype
MF444103.1	HEV	AL_3	AL_3f	NA	NA	NA	NA	genotype
MW355311.1	HEV	AL_3	AL_3f	NA	NA	NA	NA	genotype
KU176132.1	HEV	AL_3	AL_3h	NA	NA	NA	NA	genotype
MF444109.1	HEV	AL_3	AL_3e	NA	NA	NA	NA	genotype
MW355312.1	HEV	AL_3	AL_3c	NA	NA	NA	NA	genotype
KU747141.1	HEV	AL_3	NA	NA	NA	NA	NA	genotype
KU747142.1	HEV	AL_3	NA	NA	NA	NA	NA	genotype
JN906976.1	HEV	AL_3	AL_3f	NA	NA	NA	NA	genotype
MW355344.1	HEV	AL_3	NA	NA	NA	NA	NA	genotype
MW355328.1	HEV	AL_3	AL_3c	NA	NA	NA	NA	genotype
MN614139.1	HEV	AL_3	AL_3c	NA	NA	NA	NA	genotype
PQ160068.1	HEV	AL_2	AL_2a	NA	NA	NA	NA	genotype
OQ286030.1	HEV	AL_3	AL_3i	NA	NA	NA	NA	genotype
MW355269.1	HEV	AL_3	AL_3c	NA	NA	NA	NA	genotype
PQ160056.1	HEV	AL_1	AL_1e	NA	NA	NA	NA	genotype
KC166971.1	HEV	AL_3	AL_3f	NA	NA	NA	NA	genotype
MF444132.1	HEV	AL_3	AL_3f	NA	NA	NA	NA	genotype
MW355248.1	HEV	AL_3	AL_3f	NA	NA	NA	NA	genotype
MF444077.1	HEV	AL_3	AL_3h	NA	NA	NA	NA	genotype
MH184584.1	HEV	AL_3	AL_3e	NA	NA	NA	NA	genotype
PQ160054.1	HEV	AL_1	AL_1e	NA	NA	NA	NA	genotype
PQ206568.1	HEV	AL_4	AL_4d	NA	NA	NA	NA	genotype
MF444105.1	HEV	AL_3	AL_3f	NA	NA	NA	NA	genotype
JF443719.1	HEV	AL_1	AL_1a	NA	NA	NA	NA	genotype
MF444082.1	HEV	AL_3	AL_3f	NA	NA	NA	NA	genotype
MH809516.1	HEV	AL_2	AL_2a	NA	NA	NA	NA	genotype
KP698919.1	HEV	AL_3	AL_3e	NA	NA	NA	NA	genotype
MF444030.1	HEV	AL_3	NA	NA	NA	NA	NA	genotype
MF444127.1	HEV	AL_3	AL_3f	NA	NA	NA	NA	genotype
MW355346.1	HEV	AL_3	AL_3f	NA	NA	NA	NA	genotype
MF444064.1	HEV	AL_3	AL_3c	NA	NA	NA	NA	genotype
MF444130.1	HEV	AL_3	AL_3f	NA	NA	NA	NA	genotype
MW355232.1	HEV	AL_3	AL_3c	NA	NA	NA	NA	genotype
MT840366.1	HEV	AL_3	AL_3c	NA	NA	NA	NA	genotype
PQ160047.1	HEV	AL_1	AL_1e	NA	NA	NA	NA	genotype
MW355400.1	HEV	AL_3	NA	NA	NA	NA	NA	genotype
MF444050.1	HEV	AL_3	AL_3f	NA	NA	NA	NA	genotype
KY766999.1	HEV	AL_3	AL_3_JQ953664	NA	NA	NA	NA	genotype
MW355374.1	HEV	AL_3	AL_3c	NA	NA	NA	NA	genotype
MW355260.1	HEV	AL_3	AL_3f	NA	NA	NA	NA	genotype
MW355265.1	HEV	AL_3	AL_3f	NA	NA	NA	NA	genotype
MH504126.1	HEV	AL_3	AL_3c	NA	NA	NA	NA	genotype
MW355247.1	HEV	AL_3	AL_3f	NA	NA	NA	NA	genotype
JQ013791.1	HEV	AL_3	AL_3ra	NA	NA	NA	NA	genotype
MG674164.1	HEV	AL_3	AL_3_JQ953664	NA	NA	NA	NA	genotype
MF444092.1	HEV	AL_3	AL_3f	NA	NA	NA	NA	genotype
MW355222.1	HEV	AL_3	NA	NA	NA	NA	NA	genotype
MF444140.1	HEV	AL_3	AL_3f	NA	NA	NA	NA	genotype
PV089667.1	HEV	AL_3	NA	NA	NA	NA	NA	genotype
MW355292.1	HEV	AL_3	AL_3f	NA	NA	NA	NA	genotype
PV089671.1	HEV	AL_3	AL_3f	NA	NA	NA	NA	genotype
KU356188.1	HEV	AL_4	AL_4h	NA	NA	NA	NA	genotype
MW355223.1	HEV	AL_3	AL_3f	NA	NA	NA	NA	genotype
MW355381.1	HEV	AL_3	AL_3f	NA	NA	NA	NA	genotype
MF444071.1	HEV	AL_3	AL_3c	NA	NA	NA	NA	genotype
PX724175.1	HEV	NA	NA	NA	NA	NA	NA	genotype
MF444124.1	HEV	AL_3	AL_3f	NA	NA	NA	NA	genotype
MW355289.1	HEV	AL_3	AL_3f	NA	NA	NA	NA	genotype
MW355355.1	HEV	AL_3	AL_3f	NA	NA	NA	NA	genotype
MF444137.1	HEV	AL_3	AL_3f	NA	NA	NA	NA	genotype
MF444075.1	HEV	AL_3	NA	NA	NA	NA	NA	genotype
MW355259.1	HEV	AL_3	AL_3f	NA	NA	NA	NA	genotype
MW355234.1	HEV	AL_3	AL_3c	NA	NA	NA	NA	genotype
MW596896.1	HEV	AL_3	NA	NA	NA	NA	NA	genotype
KX227751.1	HEV	AL_3	AL_3ra	NA	NA	NA	NA	genotype
PV089669.1	HEV	AL_3	NA	NA	NA	NA	NA	genotype
MF444097.1	HEV	AL_3	AL_3f	NA	NA	NA	NA	genotype
PP271982.1	HEV	AL_2	AL_2a	NA	NA	NA	NA	genotype
MW355305.1	HEV	AL_3	AL_3f	NA	NA	NA	NA	genotype
MH504146.1	HEV	AL_3	AL_3e	NA	NA	NA	NA	genotype
PQ557138.1	HEV	AL_3	AL_3ra	NA	NA	NA	NA	genotype
KY436506.1	HEV	AL_1	NA	NA	NA	NA	NA	genotype
MF444110.1	HEV	AL_3	AL_3h	NA	NA	NA	NA	genotype
MW355279.1	HEV	AL_3	AL_3c	NA	NA	NA	NA	genotype
MF444144.1	HEV	AL_3	AL_3f	NA	NA	NA	NA	genotype
MF444039.1	HEV	AL_3	AL_3f	NA	NA	NA	NA	genotype
MW355219.1	HEV	AL_3	AL_3f	NA	NA	NA	NA	genotype
MW383253.1	HEV	AL_3	AL_3f	NA	NA	NA	NA	genotype
MW355293.1	HEV	AL_3	AL_3c	NA	NA	NA	NA	genotype
MW355347.1	HEV	AL_3	AL_3c	NA	NA	NA	NA	genotype
MK050463.1	HEV	AL_3	AL_3ra	NA	NA	NA	NA	genotype
