accession_id	length	is_complete	is_annotated	isolate_collection_date	location	region	submitter_country	release_date	update_date
PX971288.1	7207.0		True	2025	Venezuela: Bolivar State	South America	Venezuela	2026-04-28T00:00:00Z	2026-04-28T00:00:00Z
PX724179.1	7143.0		True	2025-05-15	China: Tangshan	Asia	China	2026-03-04T00:00:00Z	2026-03-04T00:00:00Z
PX724178.1	7143.0		True	2025-05-15	China: Tangshan	Asia	China	2026-03-04T00:00:00Z	2026-03-04T00:00:00Z
PX724177.1	7143.0		True	2025-05-15	China: Tangshan	Asia	China	2026-03-04T00:00:00Z	2026-03-04T00:00:00Z
PX724176.1	7143.0		True	2025-01-09	China: Tangshan	Asia	China	2026-03-04T00:00:00Z	2026-03-04T00:00:00Z
PX724175.1	7101.0		True	2025-03-15	China: Tianjin	Asia	China	2026-03-04T00:00:00Z	2026-03-04T00:00:00Z
PX597112.1	7116.0		True	2018	Central African Republic	Africa	France	2026-01-31T00:00:00Z	2026-01-31T00:00:00Z
PX597111.1	7156.0		True	2018	Central African Republic	Africa	France	2026-01-31T00:00:00Z	2026-01-31T00:00:00Z
PX597110.1	7192.0		True	2018	Central African Republic	Africa	France	2026-01-31T00:00:00Z	2026-01-31T00:00:00Z
PX597109.1	7159.0		True	2018	Central African Republic	Africa	France	2026-01-31T00:00:00Z	2026-01-31T00:00:00Z
PX400206.1	7222.0		True	2024	China	Asia	China	2025-10-05T00:00:00Z	2025-10-05T00:00:00Z
PV605258.1	7063.0		True	2022	China: Guangdong	Asia	China	2025-10-15T00:00:00Z	2025-10-15T00:00:00Z
PV089671.1	7217.0		True	2024	Australia: Queensland	Oceania	Australia	2025-03-05T00:00:00Z	2025-03-05T00:00:00Z
PV089670.1	7250.0		True	2024	Australia: Queensland	Oceania	Australia	2025-03-05T00:00:00Z	2025-03-05T00:00:00Z
PV089669.1	7202.0		True	2023	Australia: Queensland	Oceania	Australia	2025-03-05T00:00:00Z	2025-03-05T00:00:00Z
PV089668.1	7233.0		True	2023	Australia: Queensland	Oceania	Australia	2025-03-05T00:00:00Z	2025-03-05T00:00:00Z
PV089667.1	7223.0		True	2023	Australia: Queensland	Oceania	Australia	2025-03-05T00:00:00Z	2025-03-05T00:00:00Z
PV089666.1	7202.0		True	2025	Australia: Queensland	Oceania	Australia	2025-03-05T00:00:00Z	2025-03-05T00:00:00Z
PV089665.1	7188.0		True	2022	Australia: Queensland	Oceania	Australia	2025-03-05T00:00:00Z	2025-03-05T00:00:00Z
PV089664.1	7206.0		True	2023	Australia: Queensland	Oceania	Australia	2025-03-05T00:00:00Z	2025-03-05T00:00:00Z
PV089663.1	7216.0		True	2024	Australia: Queensland	Oceania	Australia	2025-03-05T00:00:00Z	2025-03-05T00:00:00Z
PV089662.1	7217.0		True	2023	Australia: Queensland	Oceania	Australia	2025-03-05T00:00:00Z	2025-03-05T00:00:00Z
PQ878621.1	7014.0		True	2021-09	France	Europe	France	2025-02-26T00:00:00Z	2025-02-26T00:00:00Z
PQ557138.1	7052.0			2023-09-16	China: Shijiazhuang	Asia	China	2024-12-16T00:00:00Z	2024-12-16T00:00:00Z
PQ557137.1	7144.0			2022-08-13	China: Shijiazhuang	Asia	China	2024-12-16T00:00:00Z	2024-12-16T00:00:00Z
PQ557136.1	7045.0			2024-08-13	China: Baoding	Asia	China	2024-12-16T00:00:00Z	2024-12-16T00:00:00Z
PQ557135.1	7044.0			2024-08-13	China: Baoding	Asia	China	2024-12-16T00:00:00Z	2024-12-16T00:00:00Z
PQ557134.1	7338.0			2024-04-17	China: Zhangjiakou	Asia	China	2024-12-16T00:00:00Z	2024-12-16T00:00:00Z
PQ206573.1	7182.0			2019-03-16	China	Asia	China	2025-09-01T00:00:00Z	2025-09-01T00:00:00Z
PQ206572.1	7201.0			2019-03-16	China	Asia	China	2025-09-01T00:00:00Z	2025-09-01T00:00:00Z
PQ206571.1	7201.0			2019-03-16	China	Asia	China	2025-09-01T00:00:00Z	2025-09-01T00:00:00Z
PQ206570.1	7184.0			2019-03-16	China	Asia	China	2025-09-01T00:00:00Z	2025-09-01T00:00:00Z
PQ206569.1	7185.0			2019-03-16	China	Asia	China	2025-09-01T00:00:00Z	2025-09-01T00:00:00Z
PQ206568.1	7201.0			2019-03-16	China	Asia	China	2025-09-01T00:00:00Z	2025-09-01T00:00:00Z
PQ160068.1	7195.0		True	2017	Niger	Africa	Senegal	2025-01-22T00:00:00Z	2025-01-22T00:00:00Z
PQ160058.1	7177.0		True	2021	Niger	Africa	Senegal	2025-01-22T00:00:00Z	2025-01-22T00:00:00Z
PQ160057.1	7177.0		True	2021	Niger	Africa	Senegal	2025-01-22T00:00:00Z	2025-01-22T00:00:00Z
PQ160056.1	7177.0		True	2021	Niger	Africa	Senegal	2025-01-22T00:00:00Z	2025-01-22T00:00:00Z
PQ160055.1	7119.0		True	2021	Niger	Africa	Senegal	2025-01-22T00:00:00Z	2025-01-22T00:00:00Z
PQ160054.1	7135.0		True	2021	Niger	Africa	Senegal	2025-01-22T00:00:00Z	2025-01-22T00:00:00Z
PQ160053.1	7175.0		True	2021	Niger	Africa	Senegal	2025-01-22T00:00:00Z	2025-01-22T00:00:00Z
PQ160052.1	7067.0		True	2021	Niger	Africa	Senegal	2025-01-22T00:00:00Z	2025-01-22T00:00:00Z
PQ160051.1	7182.0		True	2021	Niger	Africa	Senegal	2025-01-22T00:00:00Z	2025-01-22T00:00:00Z
PQ160050.1	7178.0		True	2021	Niger	Africa	Senegal	2025-01-22T00:00:00Z	2025-01-22T00:00:00Z
PQ160049.1	7132.0		True	2021	Niger	Africa	Senegal	2025-01-22T00:00:00Z	2025-01-22T00:00:00Z
PQ160048.1	7183.0		True	2021	Niger	Africa	Senegal	2025-01-22T00:00:00Z	2025-01-22T00:00:00Z
PQ160047.1	7183.0		True	2021	Niger	Africa	Senegal	2025-01-22T00:00:00Z	2025-01-22T00:00:00Z
PQ160046.1	7181.0		True	2022	Niger	Africa	Senegal	2025-01-22T00:00:00Z	2025-01-22T00:00:00Z
PQ160045.1	7182.0		True	2022	Niger	Africa	Senegal	2025-01-22T00:00:00Z	2025-01-22T00:00:00Z
PP982543.1	7135.0		True	2022	France	Europe	France	2024-07-12T00:00:00Z	2024-07-12T00:00:00Z
PP706698.1	7100.0		True	2023-09-08	New Caledonia	Oceania	France	2024-09-28T00:00:00Z	2025-02-28T00:00:00Z
PP475173.1	7249.0		True	2016-07	China	Asia	China	2024-03-18T00:00:00Z	2024-03-18T00:00:00Z
PP291578.1	7212.0		True	2023-01	China	Asia	China	2024-02-14T00:00:00Z	2024-02-14T00:00:00Z
PP291577.1	7212.0		True	2023-03	China	Asia	China	2024-02-14T00:00:00Z	2024-02-14T00:00:00Z
PP271983.1	7173.0		True	2014-04-22	Senegal	Africa	Senegal	2024-08-09T00:00:00Z	2024-08-09T00:00:00Z
PP271982.1	7142.0		True	2014-05-07	Senegal	Africa	Senegal	2024-08-09T00:00:00Z	2024-08-09T00:00:00Z
OQ286030.1	7211.0		True	2021	Italy	Europe		2023-10-08T00:00:00Z	2023-10-08T00:00:00Z
MW837255.1	7265.0		True	2018-04-03	Germany	Europe	Germany	2022-02-09T00:00:00Z	2022-02-09T00:00:00Z
MW837253.1	7104.0		True	2017-10-09	Germany	Europe	Germany	2022-02-09T00:00:00Z	2022-02-09T00:00:00Z
MW835253.1	7224.0		True	2017-06-11	Saudi Arabia	Asia	Saudi Arabia	2022-07-12T00:00:00Z	2022-07-12T00:00:00Z
MW835252.1	7224.0		True	2017-06-11	Saudi Arabia	Asia	Saudi Arabia	2022-07-12T00:00:00Z	2022-07-12T00:00:00Z
MW596896.1	7229.0		True	2018	Uruguay	South America	Uruguay	2021-04-09T00:00:00Z	2021-04-09T00:00:00Z
MW383253.1	7314.0		True	2017-01-20	France	Europe	France	2021-03-23T00:00:00Z	2021-03-23T00:00:00Z
MW355404.1	7168.0		True	2019-03-31	France	Europe	France	2021-03-03T00:00:00Z	2021-03-03T00:00:00Z
MW355403.1	7158.0		True	2017-01-30	France	Europe	France	2021-03-03T00:00:00Z	2021-03-03T00:00:00Z
MW355402.1	7167.0		True	2019-08-15	France	Europe	France	2021-03-03T00:00:00Z	2021-03-03T00:00:00Z
MW355401.1	7207.0		True	2017-03-14	France	Europe	France	2021-03-03T00:00:00Z	2021-03-03T00:00:00Z
MW355400.1	7257.0		True	2018-10-01	France	Europe	France	2021-03-03T00:00:00Z	2021-03-03T00:00:00Z
MW355399.1	7227.0		True	2017-01-22	France	Europe	France	2021-03-03T00:00:00Z	2021-03-03T00:00:00Z
MW355398.1	7257.0		True	2019-08-25	France	Europe	France	2021-03-03T00:00:00Z	2021-03-03T00:00:00Z
MW355397.1	7258.0		True	2017-02-06	France	Europe	France	2021-03-03T00:00:00Z	2021-03-03T00:00:00Z
MW355396.1	7214.0		True	2018-09-18	France	Europe	France	2021-03-03T00:00:00Z	2021-03-03T00:00:00Z
MW355395.1	7249.0		True	2018-10-23	France	Europe	France	2021-03-03T00:00:00Z	2021-03-03T00:00:00Z
MW355394.1	7280.0		True	2019-02-19	France	Europe	France	2021-03-03T00:00:00Z	2021-03-03T00:00:00Z
MW355393.1	7164.0		True	2019-05-22	France	Europe	France	2021-03-03T00:00:00Z	2021-03-03T00:00:00Z
MW355392.1	7244.0		True	2018-09-24	France	Europe	France	2021-03-03T00:00:00Z	2021-03-03T00:00:00Z
MW355391.1	7229.0		True	2017-05-10	France	Europe	France	2021-03-03T00:00:00Z	2021-03-03T00:00:00Z
MW355390.1	7164.0		True	2017-08-08	France	Europe	France	2021-03-03T00:00:00Z	2021-03-03T00:00:00Z
MW355389.1	7199.0		True	2018-12-19	France	Europe	France	2021-03-03T00:00:00Z	2021-03-03T00:00:00Z
MW355388.1	7305.0		True	2017-10-06	France	Europe	France	2021-03-03T00:00:00Z	2021-03-03T00:00:00Z
MW355387.1	7176.0		True	2018-07-01	France	Europe	France	2021-03-03T00:00:00Z	2021-03-03T00:00:00Z
MW355386.1	7167.0		True	2018-10-17	France	Europe	France	2021-03-03T00:00:00Z	2021-03-03T00:00:00Z
MW355385.1	7167.0		True	2017-02-16	France	Europe	France	2021-03-03T00:00:00Z	2021-03-03T00:00:00Z
MW355384.1	7251.0		True	2019-04-29	France	Europe	France	2021-03-03T00:00:00Z	2021-03-03T00:00:00Z
MW355383.1	7419.0		True	2018-07-01	France	Europe	France	2021-03-03T00:00:00Z	2021-03-03T00:00:00Z
MW355382.1	7169.0		True	2019-04-02	France	Europe	France	2021-03-03T00:00:00Z	2021-03-03T00:00:00Z
MW355381.1	7320.0		True	2017-08-06	France	Europe	France	2021-03-03T00:00:00Z	2021-03-03T00:00:00Z
MW355380.1	7257.0		True	2019-07-15	France	Europe	France	2021-03-03T00:00:00Z	2021-03-03T00:00:00Z
MW355379.1	7165.0		True	2018-11-28	France	Europe	France	2021-03-03T00:00:00Z	2021-03-03T00:00:00Z
MW355378.1	7225.0		True	2018-11-14	France	Europe	France	2021-03-03T00:00:00Z	2021-03-03T00:00:00Z
MW355377.1	7153.0		True	2017-08-27	France	Europe	France	2021-03-03T00:00:00Z	2021-03-03T00:00:00Z
MW355376.1	7278.0		True	2018-01-10	France	Europe	France	2021-03-03T00:00:00Z	2021-03-03T00:00:00Z
MW355375.1	7294.0		True	2018-09-20	France	Europe	France	2021-03-03T00:00:00Z	2021-03-03T00:00:00Z
MW355374.1	7197.0		True	2019-02-04	France	Europe	France	2021-03-03T00:00:00Z	2021-03-03T00:00:00Z
MW355373.1	7239.0		True	2018-10-17	France	Europe	France	2021-03-03T00:00:00Z	2021-03-03T00:00:00Z
MW355372.1	7165.0		True	2018-08-20	France	Europe	France	2021-03-03T00:00:00Z	2021-03-03T00:00:00Z
MW355371.1	7277.0		True	2018-10-17	France	Europe	France	2021-03-03T00:00:00Z	2021-03-03T00:00:00Z
MW355370.1	7171.0		True	2019-03-25	France	Europe	France	2021-03-03T00:00:00Z	2021-03-03T00:00:00Z
MW355369.1	7182.0		True	2017-12-07	France	Europe	France	2021-03-03T00:00:00Z	2021-03-03T00:00:00Z
MW355368.1	7215.0		True	2019-01-08	France	Europe	France	2021-03-03T00:00:00Z	2021-03-03T00:00:00Z
MW355367.1	7196.0		True	2019-02-12	France	Europe	France	2021-03-03T00:00:00Z	2021-03-03T00:00:00Z
MW355366.1	7236.0		True	2019-02-12	France	Europe	France	2021-03-03T00:00:00Z	2021-03-03T00:00:00Z
MW355365.1	7191.0		True	2018-07-01	France	Europe	France	2021-03-03T00:00:00Z	2021-03-03T00:00:00Z
MW355364.1	7163.0		True	2018-09-10	France	Europe	France	2021-03-03T00:00:00Z	2021-03-03T00:00:00Z
MW355363.1	7252.0		True	2017-10-02	France	Europe	France	2021-03-03T00:00:00Z	2021-03-03T00:00:00Z
MW355362.1	7165.0		True	2017-07-05	France	Europe	France	2021-03-03T00:00:00Z	2021-03-03T00:00:00Z
MW355361.1	7207.0		True	2018-07-18	France	Europe	France	2021-03-03T00:00:00Z	2021-03-03T00:00:00Z
MW355360.1	7159.0		True	2017-06-08	France	Europe	France	2021-03-03T00:00:00Z	2021-03-03T00:00:00Z
MW355359.1	7167.0		True	2019-04-11	France	Europe	France	2021-03-03T00:00:00Z	2021-03-03T00:00:00Z
MW355358.1	7262.0		True	2017-07-09	France	Europe	France	2021-03-03T00:00:00Z	2021-03-03T00:00:00Z
MW355357.1	7225.0		True	2017-04-18	France	Europe	France	2021-03-03T00:00:00Z	2021-03-03T00:00:00Z
MW355356.1	7284.0		True	2018-11-26	France	Europe	France	2021-03-03T00:00:00Z	2021-03-03T00:00:00Z
MW355355.1	7318.0		True	2018-07-17	France	Europe	France	2021-03-03T00:00:00Z	2021-03-03T00:00:00Z
MW355354.1	7177.0		True	2019-04-11	France	Europe	France	2021-03-03T00:00:00Z	2021-03-03T00:00:00Z
MW355353.1	7244.0		True	2018-08-05	France	Europe	France	2021-03-03T00:00:00Z	2021-03-03T00:00:00Z
MW355352.1	7293.0		True	2017-10-08	France	Europe	France	2021-03-03T00:00:00Z	2021-03-03T00:00:00Z
MW355351.1	7321.0		True	2017-03-28	France	Europe	France	2021-03-03T00:00:00Z	2021-03-03T00:00:00Z
MW355350.1	7251.0		True	2019-05-14	France	Europe	France	2021-03-03T00:00:00Z	2021-03-03T00:00:00Z
MW355349.1	7323.0		True	2018-09-17	France	Europe	France	2021-03-03T00:00:00Z	2021-03-03T00:00:00Z
MW355348.1	7284.0		True	2019-04-02	France	Europe	France	2021-03-03T00:00:00Z	2021-03-03T00:00:00Z
MW355347.1	7167.0		True	2019-05-19	France	Europe	France	2021-03-03T00:00:00Z	2021-03-03T00:00:00Z
MW355346.1	7256.0		True	2019-04-11	France	Europe	France	2021-03-03T00:00:00Z	2021-03-03T00:00:00Z
MW355345.1	7239.0		True	2018-01-24	France	Europe	France	2021-03-03T00:00:00Z	2021-03-03T00:00:00Z
MW355344.1	7169.0		True	2019-08-19	France	Europe	France	2021-03-03T00:00:00Z	2021-03-03T00:00:00Z
MW355343.1	7240.0		True	2018-11-01	France	Europe	France	2021-03-03T00:00:00Z	2021-03-03T00:00:00Z
MW355342.1	7376.0		True	2018-12-17	France	Europe	France	2021-03-03T00:00:00Z	2021-03-03T00:00:00Z
MW355341.1	7231.0		True	2018-07-01	France	Europe	France	2021-03-03T00:00:00Z	2021-03-03T00:00:00Z
MW355340.1	7393.0		True	2019-02-06	France	Europe	France	2021-03-03T00:00:00Z	2021-03-03T00:00:00Z
MW355339.1	7291.0		True	2019-02-12	France	Europe	France	2021-03-03T00:00:00Z	2021-03-03T00:00:00Z
MW355338.1	7177.0		True	2018-12-04	France	Europe	France	2021-03-03T00:00:00Z	2021-03-03T00:00:00Z
MW355337.1	7179.0		True	2019-04-28	France	Europe	France	2021-03-03T00:00:00Z	2021-03-03T00:00:00Z
MW355336.1	7263.0		True	2019-05-11	France	Europe	France	2021-03-03T00:00:00Z	2021-03-03T00:00:00Z
MW355335.1	7155.0		True	2017-03-29	France	Europe	France	2021-03-03T00:00:00Z	2021-03-03T00:00:00Z
MW355334.1	7228.0		True	2017-08-09	France	Europe	France	2021-03-03T00:00:00Z	2021-03-03T00:00:00Z
MW355333.1	7178.0		True	2017-06-21	France	Europe	France	2021-03-03T00:00:00Z	2021-03-03T00:00:00Z
MW355332.1	7292.0		True	2018-01-08	France	Europe	France	2021-03-03T00:00:00Z	2021-03-03T00:00:00Z
MW355331.1	7354.0		True	2018-07-17	France	Europe	France	2021-03-03T00:00:00Z	2021-03-03T00:00:00Z
MW355330.1	7256.0		True	2019-08-05	France	Europe	France	2021-03-03T00:00:00Z	2021-03-03T00:00:00Z
MW355329.1	7323.0		True	2017-03-17	France	Europe	France	2021-03-03T00:00:00Z	2021-03-03T00:00:00Z
MW355328.1	7166.0		True	2019-04-18	France	Europe	France	2021-03-03T00:00:00Z	2021-03-03T00:00:00Z
MW355327.1	7169.0		True	2017-08-20	France	Europe	France	2021-03-03T00:00:00Z	2021-03-03T00:00:00Z
MW355326.1	7262.0		True	2019-05-15	France	Europe	France	2021-03-03T00:00:00Z	2021-03-03T00:00:00Z
MW355325.1	7247.0		True	2019-04-17	France	Europe	France	2021-03-03T00:00:00Z	2021-03-03T00:00:00Z
MW355324.1	7255.0		True	2018-08-28	France	Europe	France	2021-03-03T00:00:00Z	2021-03-03T00:00:00Z
MW355323.1	7224.0		True	2018-06-29	France	Europe	France	2021-03-03T00:00:00Z	2021-03-03T00:00:00Z
MW355322.1	7259.0		True	2017-04-20	France	Europe	France	2021-03-03T00:00:00Z	2021-03-03T00:00:00Z
MW355321.1	7170.0		True	2017-12-06	France	Europe	France	2021-03-03T00:00:00Z	2021-03-03T00:00:00Z
MW355320.1	7165.0		True	2019-06-30	France	Europe	France	2021-03-03T00:00:00Z	2021-03-03T00:00:00Z
MW355319.1	7167.0		True	2018-07-01	France	Europe	France	2021-03-03T00:00:00Z	2021-03-03T00:00:00Z
MW355318.1	7324.0		True	2018-08-27	France	Europe	France	2021-03-03T00:00:00Z	2021-03-03T00:00:00Z
MW355317.1	7165.0		True	2018-10-15	France	Europe	France	2021-03-03T00:00:00Z	2021-03-03T00:00:00Z
MW355316.1	7189.0		True	2018-09-17	France	Europe	France	2021-03-03T00:00:00Z	2021-03-03T00:00:00Z
MW355315.1	7255.0		True	2019-03-18	France	Europe	France	2021-03-03T00:00:00Z	2021-03-03T00:00:00Z
MW355314.1	7177.0		True	2019-02-12	France	Europe	France	2021-03-03T00:00:00Z	2021-03-03T00:00:00Z
MW355313.1	7145.0		True	2017-12-07	France	Europe	France	2021-03-03T00:00:00Z	2021-03-03T00:00:00Z
MW355312.1	7167.0		True	2018-04-26	France	Europe	France	2021-03-03T00:00:00Z	2021-03-03T00:00:00Z
MW355311.1	7227.0		True	2017-07-12	France	Europe	France	2021-03-03T00:00:00Z	2021-03-03T00:00:00Z
MW355310.1	7273.0		True	2019-04-11	France	Europe	France	2021-03-03T00:00:00Z	2021-03-03T00:00:00Z
MW355309.1	7163.0		True	2019-08-15	France	Europe	France	2021-03-03T00:00:00Z	2021-03-03T00:00:00Z
MW355308.1	7256.0		True	2019-08-04	France	Europe	France	2021-03-03T00:00:00Z	2021-03-03T00:00:00Z
MW355307.1	7242.0		True	2019-02-13	France	Europe	France	2021-03-03T00:00:00Z	2021-03-03T00:00:00Z
MW355306.1	7266.0		True	2019-02-05	France	Europe	France	2021-03-03T00:00:00Z	2021-03-03T00:00:00Z
MW355305.1	7243.0		True	2017-07-03	France	Europe	France	2021-03-03T00:00:00Z	2021-03-03T00:00:00Z
MW355304.1	7163.0		True	2019-04-11	France	Europe	France	2021-03-03T00:00:00Z	2021-03-03T00:00:00Z
MW355303.1	7148.0		True	2018-06-23	France	Europe	France	2021-03-03T00:00:00Z	2021-03-03T00:00:00Z
MW355302.1	7154.0		True	2019-05-14	France	Europe	France	2021-03-03T00:00:00Z	2021-03-03T00:00:00Z
MW355301.1	7365.0		True	2018-05-31	France	Europe	France	2021-03-03T00:00:00Z	2021-03-03T00:00:00Z
MW355300.1	7166.0		True	2019-04-18	France	Europe	France	2021-03-03T00:00:00Z	2021-03-03T00:00:00Z
MW355299.1	7273.0		True	2018-02-18	France	Europe	France	2021-03-03T00:00:00Z	2021-03-03T00:00:00Z
MW355298.1	7169.0		True	2018-11-27	France	Europe	France	2021-03-03T00:00:00Z	2021-03-03T00:00:00Z
MW355297.1	7226.0		True	2018-08-26	France	Europe	France	2021-03-03T00:00:00Z	2021-03-03T00:00:00Z
MW355296.1	7317.0		True	2019-02-07	France	Europe	France	2021-03-03T00:00:00Z	2021-03-03T00:00:00Z
MW355295.1	7149.0		True	2018-01-23	France	Europe	France	2021-03-03T00:00:00Z	2021-03-03T00:00:00Z
MW355294.1	7232.0		True	2018-11-13	France	Europe	France	2021-03-03T00:00:00Z	2021-03-03T00:00:00Z
MW355293.1	7166.0		True	2019-01-02	France	Europe	France	2021-03-03T00:00:00Z	2021-03-03T00:00:00Z
MW355292.1	7273.0		True	2019-04-01	France	Europe	France	2021-03-03T00:00:00Z	2021-03-03T00:00:00Z
MW355291.1	7291.0		True	2018-03-22	France	Europe	France	2021-03-03T00:00:00Z	2021-03-03T00:00:00Z
MW355290.1	7175.0		True	2019-05-13	France	Europe	France	2021-03-03T00:00:00Z	2021-03-03T00:00:00Z
MW355289.1	7332.0		True	2018-10-10	France	Europe	France	2021-03-03T00:00:00Z	2021-03-03T00:00:00Z
MW355288.1	7252.0		True	2018-08-23	France	Europe	France	2021-03-03T00:00:00Z	2021-03-03T00:00:00Z
MW355287.1	7235.0		True	2018-10-10	France	Europe	France	2021-03-03T00:00:00Z	2021-03-03T00:00:00Z
MW355286.1	7166.0		True	2019-07-01	France	Europe	France	2021-03-03T00:00:00Z	2021-03-03T00:00:00Z
MW355285.1	7384.0		True	2019-05-22	France	Europe	France	2021-03-03T00:00:00Z	2021-03-03T00:00:00Z
MW355284.1	7197.0		True	2018-01-04	France	Europe	France	2021-03-03T00:00:00Z	2021-03-03T00:00:00Z
MW355283.1	7162.0		True	2018-10-10	France	Europe	France	2021-03-03T00:00:00Z	2021-03-03T00:00:00Z
MW355282.1	7165.0		True	2019-02-12	France	Europe	France	2021-03-03T00:00:00Z	2021-03-03T00:00:00Z
MW355281.1	7185.0		True	2017-06-11	France	Europe	France	2021-03-03T00:00:00Z	2021-03-03T00:00:00Z
MW355280.1	7230.0		True	2018-07-01	France	Europe	France	2021-03-03T00:00:00Z	2021-03-03T00:00:00Z
MW355279.1	7165.0		True	2017-07-18	France	Europe	France	2021-03-03T00:00:00Z	2021-03-03T00:00:00Z
MW355278.1	7167.0		True	2018-07-04	France	Europe	France	2021-03-03T00:00:00Z	2021-03-03T00:00:00Z
MW355277.1	7178.0		True	2018-10-10	France	Europe	France	2021-03-03T00:00:00Z	2021-03-03T00:00:00Z
MW355276.1	7322.0		True	2019-02-02	France	Europe	France	2021-03-03T00:00:00Z	2021-03-03T00:00:00Z
MW355275.1	7180.0		True	2019-01-30	France	Europe	France	2021-03-03T00:00:00Z	2021-03-03T00:00:00Z
MW355274.1	7328.0		True	2019-03-07	France	Europe	France	2021-03-03T00:00:00Z	2021-03-03T00:00:00Z
MW355273.1	7163.0		True	2019-04-11	France	Europe	France	2021-03-03T00:00:00Z	2021-03-03T00:00:00Z
MW002523.1	7270.0		True	2019	Australia	Oceania	Australia	2021-04-25T00:00:00Z	2021-04-25T00:00:00Z
MW002522.1	7190.0		True	2018	Australia	Oceania	Australia	2021-04-25T00:00:00Z	2021-04-25T00:00:00Z
MT920909.1	7233.0		True	2016	Germany	Europe	Germany	2021-06-29T00:00:00Z	2021-06-29T00:00:00Z
MT362712.1	7143.0		True	2017-11-29	Netherlands	Europe		2021-04-07T00:00:00Z	2021-04-07T00:00:00Z
MT362711.1	7167.0		True	2017-08-29	Netherlands	Europe		2021-04-07T00:00:00Z	2021-04-07T00:00:00Z
MW355272.1	7150.0		True	2018-06-05	France	Europe	France	2021-03-03T00:00:00Z	2021-03-03T00:00:00Z
MW355271.1	7163.0		True	2018-12-12	France	Europe	France	2021-03-03T00:00:00Z	2021-03-03T00:00:00Z
MW355270.1	7184.0		True	2018-12-06	France	Europe	France	2021-03-03T00:00:00Z	2021-03-03T00:00:00Z
MW355269.1	7146.0		True	2018-08-12	France	Europe	France	2021-03-03T00:00:00Z	2021-03-03T00:00:00Z
MW355268.1	7165.0		True	2019-07-28	France	Europe	France	2021-03-03T00:00:00Z	2021-03-03T00:00:00Z
MW355267.1	7238.0		True	2017-02-08	France	Europe	France	2021-03-03T00:00:00Z	2021-03-03T00:00:00Z
MW355266.1	7401.0		True	2019-04-02	France	Europe	France	2021-03-03T00:00:00Z	2021-03-03T00:00:00Z
MW355265.1	7262.0		True	2017-06-11	France	Europe	France	2021-03-03T00:00:00Z	2021-03-03T00:00:00Z
MW355264.1	7233.0		True	2018-07-01	France	Europe	France	2021-03-03T00:00:00Z	2021-03-03T00:00:00Z
MW355263.1	7335.0		True	2018-07-01	France	Europe	France	2021-03-03T00:00:00Z	2021-03-03T00:00:00Z
MW355262.1	7234.0		True	2018-09-06	France	Europe	France	2021-03-03T00:00:00Z	2021-03-03T00:00:00Z
MW355261.1	7166.0		True	2019-04-16	France	Europe	France	2021-03-03T00:00:00Z	2021-03-03T00:00:00Z
MW355260.1	7322.0		True	2018-09-12	France	Europe	France	2021-03-03T00:00:00Z	2021-03-03T00:00:00Z
MW355259.1	7174.0		True	2019-05-05	France	Europe	France	2021-03-03T00:00:00Z	2021-03-03T00:00:00Z
MW355258.1	7173.0		True	2019-03-28	France	Europe	France	2021-03-03T00:00:00Z	2021-03-03T00:00:00Z
MW355257.1	7322.0		True	2018-10-22	France	Europe	France	2021-03-03T00:00:00Z	2021-03-03T00:00:00Z
MW355256.1	7192.0		True	2018-10-10	France	Europe	France	2021-03-03T00:00:00Z	2021-03-03T00:00:00Z
MW355255.1	7286.0		True	2019-03-11	France	Europe	France	2021-03-03T00:00:00Z	2021-03-03T00:00:00Z
MW355254.1	7257.0		True	2019-08-13	France	Europe	France	2021-03-03T00:00:00Z	2021-03-03T00:00:00Z
MW355253.1	7322.0		True	2018-08-29	France	Europe	France	2021-03-03T00:00:00Z	2021-03-03T00:00:00Z
MW355252.1	7175.0		True	2019-03-14	France	Europe	France	2021-03-03T00:00:00Z	2021-03-03T00:00:00Z
MW355251.1	7203.0		True	2018-10-10	France	Europe	France	2021-03-03T00:00:00Z	2021-03-03T00:00:00Z
MW355250.1	7243.0		True	2018-11-21	France	Europe	France	2021-03-03T00:00:00Z	2021-03-03T00:00:00Z
MW355249.1	7288.0		True	2018-08-28	France	Europe	France	2021-03-03T00:00:00Z	2021-03-03T00:00:00Z
MW355248.1	7320.0		True	2018-11-08	France	Europe	France	2021-03-03T00:00:00Z	2021-03-03T00:00:00Z
MW355247.1	7330.0		True	2018-10-17	France	Europe	France	2021-03-03T00:00:00Z	2021-03-03T00:00:00Z
MW355246.1	7202.0		True	2018-11-11	France	Europe	France	2021-03-03T00:00:00Z	2021-03-03T00:00:00Z
MW355245.1	7163.0		True	2019-04-03	France	Europe	France	2021-03-03T00:00:00Z	2021-03-03T00:00:00Z
MW355244.1	7176.0		True	2017-02-06	France	Europe	France	2021-03-03T00:00:00Z	2021-03-03T00:00:00Z
MW355243.1	7194.0		True	2018-07-12	France	Europe	France	2021-03-03T00:00:00Z	2021-03-03T00:00:00Z
MW355242.1	7324.0		True	2018-02-21	France	Europe	France	2021-03-03T00:00:00Z	2021-03-03T00:00:00Z
MW355241.1	7257.0		True	2019-06-16	France	Europe	France	2021-03-03T00:00:00Z	2021-03-03T00:00:00Z
MW355240.1	7247.0		True	2019-04-23	France	Europe	France	2021-03-03T00:00:00Z	2021-03-03T00:00:00Z
MW355239.1	7253.0		True	2019-03-24	France	Europe	France	2021-03-03T00:00:00Z	2021-03-03T00:00:00Z
MW355238.1	7305.0		True	2017-04-13	France	Europe	France	2021-03-03T00:00:00Z	2021-03-03T00:00:00Z
MW355237.1	7201.0		True	2018-09-24	France	Europe	France	2021-03-03T00:00:00Z	2021-03-03T00:00:00Z
MW355236.1	7232.0		True	2018-08-27	France	Europe	France	2021-03-03T00:00:00Z	2021-03-03T00:00:00Z
MW355235.1	7162.0		True	2018-09-04	France	Europe	France	2021-03-03T00:00:00Z	2021-03-03T00:00:00Z
MW355234.1	7191.0		True	2017-10-04	France	Europe	France	2021-03-03T00:00:00Z	2021-03-03T00:00:00Z
MW355233.1	7149.0		True	2018-11-06	France	Europe	France	2021-03-03T00:00:00Z	2021-03-03T00:00:00Z
MW355232.1	7193.0		True	2019-01-30	France	Europe	France	2021-03-03T00:00:00Z	2021-03-03T00:00:00Z
MW355231.1	7163.0		True	2019-01-31	France	Europe	France	2021-03-03T00:00:00Z	2021-03-03T00:00:00Z
MW355230.1	7312.0		True	2018-10-10	France	Europe	France	2021-03-03T00:00:00Z	2021-03-03T00:00:00Z
MW355229.1	7153.0		True	2017-04-10	France	Europe	France	2021-03-03T00:00:00Z	2021-03-03T00:00:00Z
MW355228.1	7320.0		True	2018-07-01	France	Europe	France	2021-03-03T00:00:00Z	2021-03-03T00:00:00Z
MW355227.1	7176.0		True	2017-05-10	France	Europe	France	2021-03-03T00:00:00Z	2021-03-03T00:00:00Z
MW355226.1	7230.0		True	2019-08-12	France	Europe	France	2021-03-03T00:00:00Z	2021-03-03T00:00:00Z
MW355225.1	7192.0		True	2019-04-16	France	Europe	France	2021-03-03T00:00:00Z	2021-03-03T00:00:00Z
MW355224.1	7165.0		True	2019-01-10	France	Europe	France	2021-03-03T00:00:00Z	2021-03-03T00:00:00Z
MW355223.1	7239.0		True	2019-03-07	France	Europe	France	2021-03-03T00:00:00Z	2021-03-03T00:00:00Z
MW355222.1	7237.0		True	2018-08-12	France	Europe	France	2021-03-03T00:00:00Z	2021-03-03T00:00:00Z
MW355221.1	7208.0		True	2019-02-14	France	Europe	France	2021-03-03T00:00:00Z	2021-03-03T00:00:00Z
MW355220.1	7190.0		True	2017-11-15	France	Europe	France	2021-03-03T00:00:00Z	2021-03-03T00:00:00Z
MW355219.1	7323.0		True	2019-03-05	France	Europe	France	2021-03-03T00:00:00Z	2021-03-03T00:00:00Z
MW355218.1	7164.0		True	2017-08-17	France	Europe	France	2021-03-03T00:00:00Z	2021-03-03T00:00:00Z
MW355217.1	7233.0		True	2019-03-13	France	Europe	France	2021-03-03T00:00:00Z	2021-03-03T00:00:00Z
MT840367.1	7190.0		True	2019	Italy	Europe		2020-10-28T00:00:00Z	2020-10-28T00:00:00Z
MT840366.1	7087.0		True	2019	Italy	Europe		2020-10-28T00:00:00Z	2020-10-28T00:00:00Z
MT840363.1	7237.0		True	2019	Italy	Europe		2020-10-28T00:00:00Z	2020-10-28T00:00:00Z
MT840362.1	7002.0		True	2018	Italy	Europe		2020-10-28T00:00:00Z	2020-10-28T00:00:00Z
MT840360.1	7067.0		True	2018	Italy	Europe		2020-10-28T00:00:00Z	2020-10-28T00:00:00Z
MT840359.1	7211.0		True	2018	Italy	Europe		2020-10-12T00:00:00Z	2020-10-12T00:00:00Z
MT364355.1	7308.0		True	2019-11-24	China	Asia	China	2020-09-07T00:00:00Z	2020-09-07T00:00:00Z
MN646696.1	7306.0		True	2004	France	Europe	France	2020-01-21T00:00:00Z	2020-01-21T00:00:00Z
MN646695.1	7341.0		True	2013	France	Europe	France	2020-01-21T00:00:00Z	2020-01-21T00:00:00Z
MN646694.1	7291.0		True	2013	France	Europe	France	2020-01-21T00:00:00Z	2020-01-21T00:00:00Z
MN646693.1	7424.0		True	2013	France	Europe	France	2020-01-21T00:00:00Z	2020-01-21T00:00:00Z
MN646692.1	7315.0		True	2013	France	Europe	France	2020-01-21T00:00:00Z	2020-01-21T00:00:00Z
MN646691.1	7345.0		True	2011	France	Europe	France	2020-01-21T00:00:00Z	2020-01-21T00:00:00Z
MN646690.1	7342.0		True	2011	France	Europe	France	2020-01-21T00:00:00Z	2020-01-21T00:00:00Z
MN646689.1	7307.0		True	2004	France	Europe	France	2020-01-21T00:00:00Z	2020-01-21T00:00:00Z
MN629976.1	7094.0		True	2015	Netherlands	Europe	Netherlands	2019-12-16T00:00:00Z	2019-12-16T00:00:00Z
MN614141.1	7232.0		True	2010-10	Netherlands	Europe	Netherlands	2019-12-16T00:00:00Z	2019-12-16T00:00:00Z
MN614140.1	7190.0		True	2010-08	Netherlands	Europe	Netherlands	2019-12-16T00:00:00Z	2019-12-16T00:00:00Z
MN614139.1	7110.0		True	2010-10	Netherlands	Europe	Netherlands	2019-12-16T00:00:00Z	2019-12-16T00:00:00Z
MN401238.1	7138.0		True	2013-10-08	France	Europe	France	2019-11-30T00:00:00Z	2019-11-30T00:00:00Z
MN401237.1	7232.0		True	2017-10-02	France	Europe	France	2019-11-30T00:00:00Z	2019-11-30T00:00:00Z
MK390971.1	7210.0		True	2017-05-18	Italy	Europe	Italy	2019-03-26T00:00:00Z	2019-03-26T00:00:00Z
MK390970.1	7210.0		True	2017-06-09	Italy	Europe	Italy	2019-03-26T00:00:00Z	2019-03-26T00:00:00Z
MK330953.1	7270.0		True	2018-07-01	China	Asia	China	2019-07-14T00:00:00Z	2019-07-14T00:00:00Z
MK192409.1	7085.0		True	2010	Czech Republic: Hayek	Europe	Germany	2019-08-15T00:00:00Z	2019-11-05T00:00:00Z
MK192408.1	7040.0		True	2010	Czech Republic: Zalesi	Europe	Germany	2019-08-15T00:00:00Z	2019-11-05T00:00:00Z
MK192407.1	7091.0		True	2010	Germany: Bavaria, Falkenstein	Europe	Germany	2019-08-15T00:00:00Z	2019-11-05T00:00:00Z
MK192406.1	7034.0		True	2010	Germany: North Rhine-Westphalia, Billerbeck	Europe	Germany	2019-08-15T00:00:00Z	2019-11-05T00:00:00Z
MK192405.1	7019.0		True	2009	Germany: Brandenburg, Spremberg	Europe	Germany	2019-08-15T00:00:00Z	2019-11-05T00:00:00Z
MK050463.1	7186.0		True	2008	Germany	Europe	Germany	2019-06-03T00:00:00Z	2019-06-03T00:00:00Z
MH504163.1	7189.0		True	2014-04	United Kingdom: London	Europe	Saudi Arabia	2019-03-03T00:00:00Z	2019-03-03T00:00:00Z
MH504162.1	7210.0		True	2014-03	United Kingdom: Aylesbury	Europe	Saudi Arabia	2019-03-03T00:00:00Z	2019-03-03T00:00:00Z
MH504161.1	7194.0		True	2014-04	United Kingdom: Exeter	Europe	Saudi Arabia	2019-03-03T00:00:00Z	2019-03-03T00:00:00Z
MH504159.1	7187.0		True	2014-04	United Kingdom: Surrey	Europe	Saudi Arabia	2019-03-03T00:00:00Z	2019-03-03T00:00:00Z
MH504158.1	7197.0		True	2014-06	United Kingdom: Oldham	Europe	Saudi Arabia	2019-03-03T00:00:00Z	2019-03-03T00:00:00Z
MH504157.1	7184.0		True	2014-06	United Kingdom: London	Europe	Saudi Arabia	2019-03-03T00:00:00Z	2019-03-03T00:00:00Z
MH504156.1	7189.0		True	2014-10	United Kingdom: London	Europe	Saudi Arabia	2019-03-03T00:00:00Z	2019-03-03T00:00:00Z
MH504155.1	7189.0		True	2014-12	United Kingdom: Brighton	Europe	Saudi Arabia	2019-03-03T00:00:00Z	2019-03-03T00:00:00Z
MH504154.1	7197.0		True	2014-03	United Kingdom: Hillingdon	Europe	Saudi Arabia	2019-03-03T00:00:00Z	2019-03-03T00:00:00Z
MH504152.1	7235.0		True	2014-07	United Kingdom: Belfast	Europe	Saudi Arabia	2019-03-03T00:00:00Z	2019-03-03T00:00:00Z
MH504151.1	7216.0		True	2014-08	United Kingdom: Swansea	Europe	Saudi Arabia	2019-03-03T00:00:00Z	2019-03-03T00:00:00Z
MH504150.1	7236.0		True	2014-09	United Kingdom: South Shields	Europe	Saudi Arabia	2019-03-03T00:00:00Z	2019-03-03T00:00:00Z
MH504149.1	7226.0		True	2014-09	United Kingdom: London	Europe	Saudi Arabia	2019-03-03T00:00:00Z	2019-03-03T00:00:00Z
MH504148.1	7222.0		True	2014-08	United Kingdom: Bristol	Europe	Saudi Arabia	2019-03-03T00:00:00Z	2019-03-03T00:00:00Z
MH504147.1	7217.0		True	2014-09	United Kingdom: Leeds	Europe	Saudi Arabia	2019-03-03T00:00:00Z	2019-03-03T00:00:00Z
MH504146.1	7241.0		True	2014-09	United Kingdom: Chichester	Europe	Saudi Arabia	2019-03-03T00:00:00Z	2019-03-03T00:00:00Z
MH504145.1	7241.0		True	2014-08	United Kingdom: Surrey	Europe	Saudi Arabia	2019-03-03T00:00:00Z	2019-03-03T00:00:00Z
MH504144.1	7236.0		True	2014-10	United Kingdom: Swansea	Europe	Saudi Arabia	2019-03-03T00:00:00Z	2019-03-03T00:00:00Z
MH504143.1	7234.0		True	2014-11	United Kingdom: Derby	Europe	Saudi Arabia	2019-03-03T00:00:00Z	2019-03-03T00:00:00Z
MH504142.1	7235.0		True	2014-11	United Kingdom: Manchester	Europe	Saudi Arabia	2019-03-03T00:00:00Z	2019-03-03T00:00:00Z
MH504141.1	7222.0		True	2014-12	United Kingdom: Portsmouth	Europe	Saudi Arabia	2019-03-03T00:00:00Z	2019-03-03T00:00:00Z
MH504140.1	7241.0		True	2014-12	United Kingdom: Nottingham	Europe	Saudi Arabia	2019-03-03T00:00:00Z	2019-03-03T00:00:00Z
MH504139.1	7230.0		True	2014-12	United Kingdom: Gloucester	Europe	Saudi Arabia	2019-03-03T00:00:00Z	2019-03-03T00:00:00Z
MH504138.1	7237.0		True	2014-11	United Kingdom: Oldham	Europe	Saudi Arabia	2019-03-03T00:00:00Z	2019-03-03T00:00:00Z
MH504137.1	7237.0		True	2014-11	United Kingdom: Poole	Europe	Saudi Arabia	2019-03-03T00:00:00Z	2019-03-03T00:00:00Z
MH504136.1	7218.0		True	2014-11	United Kingdom: Gloucester	Europe	Saudi Arabia	2019-03-03T00:00:00Z	2019-03-03T00:00:00Z
MH504135.1	7237.0		True	2014-12	United Kingdom: Southampton	Europe	Saudi Arabia	2019-03-03T00:00:00Z	2019-03-03T00:00:00Z
MH504133.1	7229.0		True	2014-12	United Kingdom: Oxford	Europe	Saudi Arabia	2019-03-03T00:00:00Z	2019-03-03T00:00:00Z
MH504132.1	7215.0		True	2014-12	United Kingdom: Manchester	Europe	Saudi Arabia	2019-03-03T00:00:00Z	2019-03-03T00:00:00Z
MH504130.1	7206.0		True	2014-12	United Kingdom: Newcastle	Europe	Saudi Arabia	2019-03-03T00:00:00Z	2019-03-03T00:00:00Z
MH504129.1	7237.0		True	2015-01	United Kingdom: Poole	Europe	Saudi Arabia	2019-03-03T00:00:00Z	2019-03-03T00:00:00Z
MH504128.1	7231.0		True	2015-01	United Kingdom: Brighton	Europe	Saudi Arabia	2019-03-03T00:00:00Z	2019-03-03T00:00:00Z
MH504127.1	7221.0		True	2015-01	United Kingdom: Gloucester	Europe	Saudi Arabia	2019-03-03T00:00:00Z	2019-03-03T00:00:00Z
MH504126.1	7236.0		True	2015-01	United Kingdom: Surrey	Europe	Saudi Arabia	2019-03-03T00:00:00Z	2019-03-03T00:00:00Z
MH504125.1	7229.0		True	2015-01	United Kingdom: Aylesbury	Europe	Saudi Arabia	2019-03-03T00:00:00Z	2019-03-03T00:00:00Z
MH504124.1	7237.0		True	2015-01	United Kingdom: Bedford	Europe	Saudi Arabia	2019-03-03T00:00:00Z	2019-03-03T00:00:00Z
MH450031.1	7215.0		True	2015-03-01	Thailand	Asia	Thailand	2019-07-07T00:00:00Z	2019-07-07T00:00:00Z
MH450030.1	7219.0		True	2015-03-01	Thailand	Asia	Thailand	2019-07-07T00:00:00Z	2019-07-07T00:00:00Z
MH450029.1	7219.0		True	2015-02-01	Thailand	Asia	Thailand	2019-07-07T00:00:00Z	2019-07-07T00:00:00Z
MH450028.1	7215.0		True	2015-02-01	Thailand	Asia	Thailand	2019-07-07T00:00:00Z	2019-07-07T00:00:00Z
MH450027.1	7215.0		True	2015-02-01	Thailand	Asia	Thailand	2019-07-07T00:00:00Z	2019-07-07T00:00:00Z
MH450026.1	7207.0		True	2015-06-05	Thailand	Asia	Thailand	2019-07-07T00:00:00Z	2019-07-07T00:00:00Z
MH450025.1	7219.0		True	2015-06-05	Thailand	Asia	Thailand	2019-07-07T00:00:00Z	2019-07-07T00:00:00Z
MH450024.1	7212.0		True	2015-06-02	Thailand	Asia	Thailand	2019-07-07T00:00:00Z	2019-07-07T00:00:00Z
MH450023.1	7219.0		True	2015-02-01	Thailand	Asia	Thailand	2019-07-07T00:00:00Z	2019-07-07T00:00:00Z
MH450022.1	7270.0		True	2018-02-14	Thailand	Asia	Thailand	2019-07-07T00:00:00Z	2019-07-07T00:00:00Z
MH450021.1	7224.0		True	2017-12-27	Thailand	Asia	Thailand	2019-07-07T00:00:00Z	2019-07-07T00:00:00Z
MH450020.1	7227.0		True	2015-09-03	Thailand	Asia	Thailand	2019-07-07T00:00:00Z	2019-07-07T00:00:00Z
MH410176.1	7239.0		True	2017	China	Asia		2019-01-21T00:00:00Z	2019-03-18T00:00:00Z
MH410175.1	7239.0		True	2017	China	Asia		2019-01-21T00:00:00Z	2019-03-18T00:00:00Z
MH410174.1	7239.0		True	2017	China	Asia		2019-01-21T00:00:00Z	2019-03-18T00:00:00Z
MF444145.1	7322.0		True	2015-01-01	France	Europe	France	2019-07-20T00:00:00Z	2019-07-20T00:00:00Z
MF444144.1	7141.0		True	2006-09-12	France	Europe	France	2019-02-20T00:00:00Z	2019-02-20T00:00:00Z
MF444143.1	7196.0		True	2015-07-23	France	Europe	France	2019-02-20T00:00:00Z	2019-02-20T00:00:00Z
MF444142.1	7262.0		True	2013-04-04	France	Europe	France	2019-02-20T00:00:00Z	2019-02-20T00:00:00Z
MF444141.1	7170.0		True	2012-08-01	France	Europe	France	2019-02-20T00:00:00Z	2019-02-20T00:00:00Z
MF444140.1	7287.0		True	2016-04-13	France	Europe	France	2019-02-20T00:00:00Z	2019-02-20T00:00:00Z
MF444139.1	7290.0		True	2011-07-27	France	Europe	France	2019-02-20T00:00:00Z	2019-02-20T00:00:00Z
MF444138.1	7328.0		True	2007-04-16	France	Europe	France	2019-02-20T00:00:00Z	2019-02-20T00:00:00Z
MF444137.1	7308.0		True	2014-08-07	France	Europe	France	2019-02-20T00:00:00Z	2019-02-20T00:00:00Z
MF444136.1	7183.0		True	2012-06-11	France	Europe	France	2019-02-20T00:00:00Z	2019-02-20T00:00:00Z
MF444135.1	7211.0		True	2014-11-06	France	Europe	France	2019-02-20T00:00:00Z	2019-02-20T00:00:00Z
MF444134.1	7308.0		True	2008-09-10	France	Europe	France	2019-02-20T00:00:00Z	2019-02-20T00:00:00Z
MF444133.1	7273.0		True	2016-07-07	France	Europe	France	2019-02-20T00:00:00Z	2019-02-20T00:00:00Z
MF444132.1	7302.0		True	2012-11-09	France	Europe	France	2019-02-20T00:00:00Z	2019-02-20T00:00:00Z
MF444131.1	7166.0		True	2014-01-09	France	Europe	France	2019-02-20T00:00:00Z	2019-02-20T00:00:00Z
MF444130.1	7257.0		True	2016-03-16	France	Europe	France	2019-02-20T00:00:00Z	2019-02-20T00:00:00Z
MF444129.1	7255.0		True	2016-10-09	France	Europe	France	2019-02-20T00:00:00Z	2019-02-20T00:00:00Z
MF444128.1	7230.0		True	2013-05-30	France	Europe	France	2019-02-20T00:00:00Z	2019-02-20T00:00:00Z
MF444127.1	7277.0		True	2013-03-13	France	Europe	France	2019-02-20T00:00:00Z	2019-02-20T00:00:00Z
MF444126.1	7206.0		True	2015-01-13	France	Europe	France	2019-02-20T00:00:00Z	2019-02-20T00:00:00Z
MF444125.1	7265.0		True	2012-03-13	France	Europe	France	2019-02-20T00:00:00Z	2019-02-20T00:00:00Z
MF444124.1	7298.0		True	2006-10-30	France	Europe	France	2019-02-20T00:00:00Z	2019-02-20T00:00:00Z
MF444123.1	7324.0		True	2015-03-17	France	Europe	France	2019-02-20T00:00:00Z	2019-02-20T00:00:00Z
MF444122.1	7205.0		True	2015-09-28	France	Europe	France	2019-02-20T00:00:00Z	2019-02-20T00:00:00Z
MF444121.1	7095.0		True	2012-05-29	France	Europe	France	2019-02-20T00:00:00Z	2019-02-20T00:00:00Z
MF444120.1	7197.0		True	2008-09-18	France	Europe	France	2019-02-20T00:00:00Z	2019-02-20T00:00:00Z
MF444119.1	7352.0		True	2010-09-06	France	Europe	France	2019-07-20T00:00:00Z	2019-07-20T00:00:00Z
MF444118.1	7126.0		True	2009-03-30	France	Europe	France	2019-02-20T00:00:00Z	2019-02-20T00:00:00Z
MF444117.1	7288.0		True	2016-01-06	France	Europe	France	2019-02-20T00:00:00Z	2019-02-20T00:00:00Z
MF444116.1	7175.0		True	2016-05-11	France	Europe	France	2019-02-20T00:00:00Z	2019-02-20T00:00:00Z
MF444115.1	7176.0		True	2015-09-17	France	Europe	France	2019-02-20T00:00:00Z	2019-02-20T00:00:00Z
MF444114.1	7148.0		True	2008-12-09	France	Europe	France	2019-02-20T00:00:00Z	2019-02-20T00:00:00Z
MF444086.1	7220.0		True	2011-08-11	France	Europe	France	2019-07-20T00:00:00Z	2019-07-20T00:00:00Z
MF444083.1	7310.0		True	2015-03-11	France	Europe	France	2019-07-20T00:00:00Z	2019-07-20T00:00:00Z
MF444033.1	7283.0		True	2008-10-07	France	Europe	France	2019-07-20T00:00:00Z	2019-07-20T00:00:00Z
KY436898.1	7276.0		True	2016	Germany	Europe	Germany	2017-04-15T00:00:00Z	2020-08-23T00:00:00Z
MH809516.1	7214.0		True	2017	Nigeria	Africa	Germany	2018-11-05T00:00:00Z	2018-11-05T00:00:00Z
MH377727.1	7288.0		True	2013	Sweden	Europe	Sweden	2018-12-27T00:00:00Z	2018-12-27T00:00:00Z
MH377726.1	7291.0		True	2012	Sweden	Europe	Sweden	2018-12-27T00:00:00Z	2018-12-27T00:00:00Z
MH377725.1	7288.0		True	2012	Sweden	Europe	Sweden	2018-12-27T00:00:00Z	2018-12-27T00:00:00Z
MH377724.1	7291.0		True	2010	Germany	Europe	Sweden	2018-12-27T00:00:00Z	2018-12-27T00:00:00Z
MH377723.1	7288.0		True	2011	Sweden	Europe	Sweden	2018-12-27T00:00:00Z	2018-12-27T00:00:00Z
MH377722.1	7287.0		True	2011	Sweden	Europe	Sweden	2018-12-27T00:00:00Z	2018-12-27T00:00:00Z
MH377721.1	7288.0		True	2010	Sweden	Europe	Sweden	2018-12-27T00:00:00Z	2018-12-27T00:00:00Z
MH184584.1	7219.0		True	2013	United Kingdom: England	Europe		2018-12-10T00:00:00Z	2018-12-10T00:00:00Z
MH184583.1	7160.0		True	2013	United Kingdom: England	Europe		2018-12-10T00:00:00Z	2018-12-10T00:00:00Z
MH184582.1	7159.0		True	2013	United Kingdom: England	Europe		2018-12-10T00:00:00Z	2018-12-10T00:00:00Z
MH184581.1	7327.0		True	2013	United Kingdom: England	Europe		2018-12-10T00:00:00Z	2018-12-10T00:00:00Z
MH184580.1	7310.0		True	2013	United Kingdom: England	Europe		2018-12-10T00:00:00Z	2018-12-10T00:00:00Z
MH184579.1	7187.0		True	2013	United Kingdom: England	Europe		2018-12-10T00:00:00Z	2018-12-10T00:00:00Z
MG783571.1	7208.0		True	2012	France	Europe	USA	2018-09-23T00:00:00Z	2018-09-23T00:00:00Z
MG783570.1	7239.0		True	2012	France	Europe	USA	2018-09-23T00:00:00Z	2018-09-23T00:00:00Z
MG783569.1	7237.0		True	2012	France	Europe	USA	2018-09-23T00:00:00Z	2018-09-23T00:00:00Z
MG674164.1	7130.0		True	2013	Italy	Europe	Italy	2018-03-08T00:00:00Z	2018-03-08T00:00:00Z
MG573193.1	7242.0		True	2017	Switzerland	Europe	Switzerland	2018-01-23T00:00:00Z	2018-01-23T00:00:00Z
MG211751.1	7291.0		True	2011-06	France	Europe	France	2018-03-13T00:00:00Z	2018-03-13T00:00:00Z
MG211750.1	7247.0		True	2012-01	France	Europe	France	2018-03-13T00:00:00Z	2018-03-13T00:00:00Z
MF959765.1	7229.0		True	2015	Italy	Europe	Italy	2018-09-15T00:00:00Z	2018-09-15T00:00:00Z
MF959764.1	7206.0		True	2015	Italy	Europe	Italy	2018-09-15T00:00:00Z	2018-09-15T00:00:00Z
MF567575.1	7134.0		True	2017	China	Asia	China	2018-01-15T00:00:00Z	2018-01-15T00:00:00Z
MF480298.1	7283.0		True	2013	Germany: Frankfurt am Main	Europe	Germany	2018-04-04T00:00:00Z	2018-04-04T00:00:00Z
MF480297.1	7302.0		True	2013	Germany: Frankfurt am Main	Europe	Germany	2018-04-04T00:00:00Z	2018-04-04T00:00:00Z
MF444113.1	7193.0		True	2010-03-24	France	Europe	France	2019-02-20T00:00:00Z	2019-02-20T00:00:00Z
MF444112.1	7305.0		True	2015-09-26	France	Europe	France	2019-02-20T00:00:00Z	2019-02-20T00:00:00Z
MF444111.1	7191.0		True	2015-10-05	France	Europe	France	2019-02-20T00:00:00Z	2019-02-20T00:00:00Z
MF444110.1	7242.0		True	2014-03-19	France	Europe	France	2019-02-20T00:00:00Z	2019-02-20T00:00:00Z
MF444109.1	7192.0		True	2012-05-02	France	Europe	France	2019-02-20T00:00:00Z	2019-02-20T00:00:00Z
MF444108.1	7283.0		True	2014-09-05	France	Europe	France	2019-02-20T00:00:00Z	2019-02-20T00:00:00Z
MF444107.1	7263.0		True	2014-10-15	France	Europe	France	2019-02-20T00:00:00Z	2019-02-20T00:00:00Z
MF444106.1	7202.0		True	2015-05-19	France	Europe	France	2019-02-20T00:00:00Z	2019-02-20T00:00:00Z
MF444105.1	7308.0		True	2013-07-26	France	Europe	France	2019-02-20T00:00:00Z	2019-02-20T00:00:00Z
MF444104.1	7168.0		True	2009-07-02	France	Europe	France	2019-02-20T00:00:00Z	2019-02-20T00:00:00Z
MF444103.1	7275.0		True	2013-11-27	France	Europe	France	2019-02-20T00:00:00Z	2019-02-20T00:00:00Z
MF444102.1	7260.0		True	2009-05-06	France	Europe	France	2019-02-20T00:00:00Z	2019-02-20T00:00:00Z
MF444101.1	7211.0		True	2008-11-20	France	Europe	France	2019-02-20T00:00:00Z	2019-02-20T00:00:00Z
MF444100.1	7252.0		True	2008-08-27	France	Europe	France	2019-02-20T00:00:00Z	2019-02-20T00:00:00Z
MF444099.1	7255.0		True	2015-12-02	France	Europe	France	2019-02-20T00:00:00Z	2019-02-20T00:00:00Z
MF444098.1	7280.0		True	2014-05-13	France	Europe	France	2019-02-20T00:00:00Z	2019-02-20T00:00:00Z
MF444097.1	7262.0		True	2015-09-11	France	Europe	France	2019-02-20T00:00:00Z	2019-02-20T00:00:00Z
MF444096.1	7307.0		True	2011-05-24	France	Europe	France	2019-02-20T00:00:00Z	2019-02-20T00:00:00Z
MF444095.1	7285.0		True	2007-06-06	France	Europe	France	2019-02-20T00:00:00Z	2019-02-20T00:00:00Z
MF444094.1	7294.0		True	2016-03-15	France	Europe	France	2019-02-20T00:00:00Z	2019-02-20T00:00:00Z
MF444093.1	7256.0		True	2013-01-22	France	Europe	France	2019-02-20T00:00:00Z	2019-02-20T00:00:00Z
MF444092.1	7283.0		True	2016-08-05	France	Europe	France	2019-02-20T00:00:00Z	2019-02-20T00:00:00Z
MF444091.1	7209.0		True	2012-05-19	France	Europe	France	2019-02-20T00:00:00Z	2019-02-20T00:00:00Z
MF444090.1	7312.0		True	2015-09-21	France	Europe	France	2019-02-20T00:00:00Z	2019-02-20T00:00:00Z
MF444089.1	7171.0		True	2013-03-26	France	Europe	France	2019-02-20T00:00:00Z	2019-02-20T00:00:00Z
MF444088.1	7333.0		True	2011-01-18	France	Europe	France	2019-02-20T00:00:00Z	2019-02-20T00:00:00Z
MF444087.1	7296.0		True	2013-07-31	France	Europe	France	2019-02-20T00:00:00Z	2019-02-20T00:00:00Z
MF444085.1	7275.0		True	2009-11-03	France	Europe	France	2019-02-20T00:00:00Z	2019-02-20T00:00:00Z
MF444084.1	7266.0		True	2012-10-02	France	Europe	France	2019-02-20T00:00:00Z	2019-02-20T00:00:00Z
MF444082.1	7268.0		True	2006-01-19	France	Europe	France	2019-02-20T00:00:00Z	2019-02-20T00:00:00Z
MF444081.1	7257.0		True	2013-07-29	France	Europe	France	2019-02-20T00:00:00Z	2019-02-20T00:00:00Z
MF444080.1	7149.0		True	2015-08-28	France	Europe	France	2019-02-20T00:00:00Z	2019-02-20T00:00:00Z
MF444079.1	7215.0		True	2011-04-07	France	Europe	France	2019-02-20T00:00:00Z	2019-02-20T00:00:00Z
MF444078.1	7273.0		True	2007-07-19	France	Europe	France	2019-02-20T00:00:00Z	2019-02-20T00:00:00Z
MF444077.1	7235.0		True	2008-12-29	France	Europe	France	2019-02-20T00:00:00Z	2019-02-20T00:00:00Z
MF444076.1	7268.0		True	2012-12-17	France	Europe	France	2019-02-20T00:00:00Z	2019-02-20T00:00:00Z
MF444075.1	7211.0		True	2015-03-13	France	Europe	France	2019-02-20T00:00:00Z	2019-02-20T00:00:00Z
MF444074.1	7205.0		True	2016-10-18	France	Europe	France	2019-02-20T00:00:00Z	2019-02-20T00:00:00Z
MF444073.1	7294.0		True	2014-08-24	France	Europe	France	2019-02-20T00:00:00Z	2019-02-20T00:00:00Z
MF444072.1	7233.0		True	2015-09-03	France	Europe	France	2019-02-20T00:00:00Z	2019-02-20T00:00:00Z
MF444071.1	7141.0		True	2013-09-16	France	Europe	France	2019-02-20T00:00:00Z	2019-02-20T00:00:00Z
MF444070.1	7259.0		True	2011-12-08	France	Europe	France	2019-02-20T00:00:00Z	2019-02-20T00:00:00Z
MF444069.1	7285.0		True	2016-08-02	France	Europe	France	2019-02-20T00:00:00Z	2019-02-20T00:00:00Z
MF444068.1	7278.0		True	2013-06-06	France	Europe	France	2019-02-20T00:00:00Z	2019-02-20T00:00:00Z
MF444067.1	7153.0		True	2007-12-11	France	Europe	France	2019-02-20T00:00:00Z	2019-02-20T00:00:00Z
MF444066.1	7278.0		True	2006-01-18	France	Europe	France	2019-02-20T00:00:00Z	2019-02-20T00:00:00Z
MF444065.1	7181.0		True	2016-01-27	France	Europe	France	2019-02-20T00:00:00Z	2019-02-20T00:00:00Z
MF444064.1	7162.0		True	2015-03-12	France	Europe	France	2019-02-20T00:00:00Z	2019-02-20T00:00:00Z
MF444063.1	7120.0		True	2013-04-18	France	Europe	France	2019-02-20T00:00:00Z	2019-02-20T00:00:00Z
MF444062.1	7131.0		True	2009-09-11	France	Europe	France	2019-02-20T00:00:00Z	2019-02-20T00:00:00Z
MF444061.1	7254.0		True	2015-05-01	France	Europe	France	2019-02-20T00:00:00Z	2019-02-20T00:00:00Z
MF444060.1	7231.0		True	2015-08-25	France	Europe	France	2019-02-20T00:00:00Z	2019-02-20T00:00:00Z
MF444059.1	7267.0		True	2010-05-22	France	Europe	France	2019-02-20T00:00:00Z	2019-02-20T00:00:00Z
MF444058.1	7432.0		True	2011-06-05	France	Europe	France	2019-02-20T00:00:00Z	2019-02-20T00:00:00Z
MF444057.1	7274.0		True	2013-02-28	France	Europe	France	2019-02-20T00:00:00Z	2019-02-20T00:00:00Z
MF444056.1	7178.0		True	2008-06-17	France	Europe	France	2019-02-20T00:00:00Z	2019-02-20T00:00:00Z
MF444055.1	7319.0		True	2009-09-21	France	Europe	France	2019-02-20T00:00:00Z	2019-02-20T00:00:00Z
MF444054.1	7346.0		True	2015-08-14	France	Europe	France	2019-02-20T00:00:00Z	2019-02-20T00:00:00Z
MF444053.1	7142.0		True	2016-03-10	France	Europe	France	2019-02-20T00:00:00Z	2019-02-20T00:00:00Z
MF444052.1	7189.0		True	2015-01-12	France	Europe	France	2019-02-20T00:00:00Z	2019-02-20T00:00:00Z
MF444051.1	7258.0		True	2014-05-20	France	Europe	France	2019-02-20T00:00:00Z	2019-02-20T00:00:00Z
MF444050.1	7316.0		True	2013-06-20	France	Europe	France	2019-02-20T00:00:00Z	2019-02-20T00:00:00Z
MF444049.1	7194.0		True	2013-05-02	France	Europe	France	2019-02-20T00:00:00Z	2019-02-20T00:00:00Z
MF444048.1	7288.0		True	2015-06-04	France	Europe	France	2019-02-20T00:00:00Z	2019-02-20T00:00:00Z
MF444047.1	7299.0		True	2012-07-07	France	Europe	France	2019-02-20T00:00:00Z	2019-02-20T00:00:00Z
MF444046.1	7177.0		True	2009-06-08	France	Europe	France	2019-02-20T00:00:00Z	2019-02-20T00:00:00Z
MF444045.1	7304.0		True	2010-10-06	France	Europe	France	2019-02-20T00:00:00Z	2019-02-20T00:00:00Z
MF444044.1	7141.0		True	2013-12-06	France	Europe	France	2019-02-20T00:00:00Z	2019-02-20T00:00:00Z
MF444043.1	7229.0		True	2015-03-26	France	Europe	France	2019-02-20T00:00:00Z	2019-02-20T00:00:00Z
MF444042.1	7219.0		True	2011-12-28	France	Europe	France	2019-02-20T00:00:00Z	2019-02-20T00:00:00Z
MF444041.1	7282.0		True	2012-07-25	France	Europe	France	2019-02-20T00:00:00Z	2019-02-20T00:00:00Z
MF444040.1	7243.0		True	2009-01-19	France	Europe	France	2019-02-20T00:00:00Z	2019-02-20T00:00:00Z
MF444039.1	7253.0		True	2014-01-10	France	Europe	France	2019-02-20T00:00:00Z	2019-02-20T00:00:00Z
MF444038.1	7290.0		True	2012-08-17	France	Europe	France	2019-02-20T00:00:00Z	2019-02-20T00:00:00Z
MF444037.1	7220.0		True	2008-04-09	France	Europe	France	2019-02-20T00:00:00Z	2019-02-20T00:00:00Z
MF444036.1	7277.0		True	2015-03-18	France	Europe	France	2019-02-20T00:00:00Z	2019-02-20T00:00:00Z
MF444035.1	7267.0		True	2016-03-09	France	Europe	France	2019-02-20T00:00:00Z	2019-02-20T00:00:00Z
MF444034.1	7365.0		True	2012-09-27	France	Europe	France	2019-02-20T00:00:00Z	2019-02-20T00:00:00Z
MF444032.1	7197.0		True	2015-07-31	France	Europe	France	2019-02-20T00:00:00Z	2019-02-20T00:00:00Z
MF444031.1	7133.0		True	2014-06-06	France	Europe	France	2019-02-20T00:00:00Z	2019-02-20T00:00:00Z
MF444030.1	7235.0		True	2013	France	Europe	France	2019-02-20T00:00:00Z	2019-02-20T00:00:00Z
MF444029.1	7227.0		True	2013	France	Europe	France	2019-02-20T00:00:00Z	2019-02-20T00:00:00Z
MF444028.1	7227.0		True	2013	France	Europe	France	2019-02-20T00:00:00Z	2019-02-20T00:00:00Z
MF444027.1	7320.0		True	2012	France	Europe	France	2019-02-20T00:00:00Z	2019-02-20T00:00:00Z
MF346773.1	7244.0		True	[2016 TO 2017]	Switzerland	Europe	Switzerland	2017-07-19T00:00:00Z	2017-07-19T00:00:00Z
MF346772.1	7244.0		True	[2016 TO 2017]	Switzerland	Europe	Switzerland	2017-07-19T00:00:00Z	2017-07-19T00:00:00Z
KY929404.1	7264.0		True	2017-03-09	China	Asia	China	2017-12-26T00:00:00Z	2017-12-26T00:00:00Z
KY929403.1	7264.0		True	2017-03-09	China	Asia	China	2017-12-26T00:00:00Z	2017-12-26T00:00:00Z
KY766999.1	7130.0		True	2012	Italy	Europe	Italy	2018-05-08T00:00:00Z	2018-05-08T00:00:00Z
KY496200.1	7300.0		True	2015-02-01	South Korea	Asia	South Korea	2017-04-25T00:00:00Z	2017-04-25T00:00:00Z
KY436507.1	7195.0			2016-02	India	Asia	India	2017-12-12T00:00:00Z	2017-12-12T00:00:00Z
KY436506.1	7195.0			2016-02	India	Asia	India	2017-12-12T00:00:00Z	2017-12-12T00:00:00Z
KY436505.1	7195.0			2016-02	India	Asia	India	2017-12-12T00:00:00Z	2017-12-12T00:00:00Z
KY232313.1	7235.0		True	2014-05-23	Thailand	Asia	Thailand	2017-10-28T00:00:00Z	2017-10-28T00:00:00Z
KY232312.1	7235.0		True	2014-05-23	Thailand	Asia	Thailand	2017-10-28T00:00:00Z	2017-10-28T00:00:00Z
KX227751.1	7302.0		True	2015-07-21	China	Asia	China	2016-07-31T00:00:00Z	2016-07-31T00:00:00Z
KX172133.1	7237.0		True	2015	Germany	Europe	Germany	2018-03-21T00:00:00Z	2018-03-21T00:00:00Z
KU980235.1	7250.0		True	2015	Germany	Europe	Germany	2018-03-21T00:00:00Z	2018-03-21T00:00:00Z
KU747142.1	7159.0		True	2010	Denmark	Europe	Denmark	2016-07-13T00:00:00Z	2016-07-13T00:00:00Z
KU747141.1	7163.0		True	2012	Denmark	Europe	Denmark	2016-07-13T00:00:00Z	2016-07-13T00:00:00Z
KU670940.1	7033.0		True	2014-06	Hungary	Europe	Hungary	2016-06-12T00:00:00Z	2016-06-12T00:00:00Z
KU513561.1	7083.0		True	2011	Spain	Europe	Spain	2016-01-27T00:00:00Z	2016-01-27T00:00:00Z
KU356189.1	7264.0		True	2015-09-28	China	Asia	China	2016-05-02T00:00:00Z	2016-05-02T00:00:00Z
KU356188.1	7264.0		True	2015-09-28	China	Asia	China	2016-05-02T00:00:00Z	2016-05-02T00:00:00Z
KU356187.1	7264.0		True	2015-09-28	China	Asia	China	2016-05-02T00:00:00Z	2016-05-02T00:00:00Z
KU356186.1	7264.0		True	2015-09-27	China	Asia	China	2016-05-02T00:00:00Z	2016-05-02T00:00:00Z
KU356185.1	7264.0		True	2015-09-27	China	Asia	China	2016-05-02T00:00:00Z	2016-05-02T00:00:00Z
KU356184.1	7264.0		True	2015-09-27	China	Asia	China	2016-05-02T00:00:00Z	2016-05-02T00:00:00Z
KU356183.1	7264.0		True	2015-09-27	China	Asia	China	2016-05-02T00:00:00Z	2016-05-02T00:00:00Z
KU356182.1	7264.0		True	2015-09-27	China	Asia	China	2016-05-02T00:00:00Z	2016-05-02T00:00:00Z
KU176132.1	7213.0		True	2011	France	Europe	France	2017-01-15T00:00:00Z	2017-01-15T00:00:00Z
KU176131.1	7219.0		True	2012	France	Europe	France	2017-01-15T00:00:00Z	2017-01-15T00:00:00Z
KU176130.1	7205.0		True	2013	France	Europe	France	2017-01-15T00:00:00Z	2017-01-15T00:00:00Z
KU176129.1	7211.0		True	2011	France	Europe	France	2017-01-15T00:00:00Z	2017-01-15T00:00:00Z
KT818608.1	7224.0		True	2011	Singapore	Asia	USA	2015-11-17T00:00:00Z	2015-11-17T00:00:00Z
KT633715.1	7246.0		True	2011-06	China: Zhejiang Province	Asia	China	2015-11-10T00:00:00Z	2015-11-10T00:00:00Z
KT591534.1	7393.0		True	2014-01	France	Europe	France	2016-06-27T00:00:00Z	2016-06-27T00:00:00Z
KT591533.1	7111.0		True	2013-11	France	Europe	France	2016-06-27T00:00:00Z	2016-06-27T00:00:00Z
KT591532.1	7111.0		True	2013-05	France	Europe	France	2016-06-27T00:00:00Z	2016-06-27T00:00:00Z
KT447528.1	7257.0		True	2012-02-11	Singapore	Asia	Singapore	2016-02-09T00:00:00Z	2016-02-09T00:00:00Z
KT447527.1	7258.0		True	2011-10-10	Singapore	Asia	Singapore	2016-02-09T00:00:00Z	2016-02-09T00:00:00Z
KT447526.1	7257.0		True	2010-04-10	Singapore	Asia	Singapore	2016-02-09T00:00:00Z	2016-02-09T00:00:00Z
KT159771.1	7251.0		True	2012-10-30	United Kingdom	Europe		2016-07-15T00:00:00Z	2016-07-15T00:00:00Z
KR872417.1	7264.0		True	2015-01-01	China	Asia	China	2015-11-02T00:00:00Z	2015-11-02T00:00:00Z
KR872416.1	7264.0		True	2014-10-01	China	Asia	China	2015-11-02T00:00:00Z	2015-11-02T00:00:00Z
KR872415.1	7264.0		True	2015-01-01	China	Asia	China	2015-11-02T00:00:00Z	2015-11-02T00:00:00Z
KR872414.1	7264.0		True	2014-10-01	China	Asia	China	2015-11-02T00:00:00Z	2015-11-02T00:00:00Z
KP698919.1	7195.0		True	2012	Italy	Europe	Italy	2015-10-11T00:00:00Z	2015-10-11T00:00:00Z
KP294371.1	7267.0		True	2010-12-01	Germany	Europe	Germany	2016-07-15T00:00:00Z	2016-07-15T00:00:00Z
KJ873911.1	7157.0		True	2013	Germany	Europe	Germany	2014-08-17T00:00:00Z	2014-08-17T00:00:00Z
KJ496144.1	7223.0		True	2013-02-11	United Arab Emirates	Asia	Hong Kong	2014-05-06T00:00:00Z	2014-05-29T00:00:00Z
KJ013415.1	7296.0		True	2013-02-07	China	Asia	China	2014-03-16T00:00:00Z	2014-03-16T00:00:00Z
KJ013414.1	7296.0		True	2013-02-15	China	Asia	China	2014-03-16T00:00:00Z	2014-03-16T00:00:00Z
KF736234.1	7234.0		True	2013-08	China	Asia	China	2014-11-01T00:00:00Z	2014-11-01T00:00:00Z
KF303502.2	7141.0		True	2006	Germany	Europe	Germany	2013-10-02T00:00:00Z	2015-04-15T00:00:00Z
KC692453.1	7301.0		True	2011-09-18	China	Asia	China	2014-06-30T00:00:00Z	2014-07-07T00:00:00Z
KC618402.1	7423.0		True	2011	Germany	Europe	Germany	2013-12-21T00:00:00Z	2013-12-21T00:00:00Z
KC492825.1	7249.0		True	2011-11-17	China	Asia	China	2013-08-20T00:00:00Z	2013-12-13T00:00:00Z
KC166971.1	7388.0		True	2008-11-24	France	Europe	France	2014-08-14T00:00:00Z	2014-11-13T00:00:00Z
KC166970.1	7314.0		True	2007-11-29	France	Europe	France	2014-08-14T00:00:00Z	2014-11-13T00:00:00Z
KC166969.1	7313.0		True	2006-11-27	France	Europe	France	2014-08-14T00:00:00Z	2014-11-13T00:00:00Z
KC166968.1	7313.0		True	2005-11-24	France	Europe	France	2014-08-14T00:00:00Z	2014-11-13T00:00:00Z
KC166967.1	7306.0		True	2004-11-22	France	Europe	France	2014-08-14T00:00:00Z	2014-11-13T00:00:00Z
KC163335.1	7253.0		True	2012-03-20	China	Asia	China	2013-02-16T00:00:00Z	2014-07-07T00:00:00Z
JX121233.1	7296.0		True	2011-12-09	China	Asia	China	2012-08-18T00:00:00Z	2013-04-01T00:00:00Z
JX109834.1	7296.0		True	2011-04-17	China	Asia	China	2012-08-15T00:00:00Z	2013-04-01T00:00:00Z
JF915746.1	7262.0		True	2009-03-07	China	Asia	China	2011-10-11T00:00:00Z	2013-08-01T00:00:00Z
JF443726.1	7226.0		True	2007	India: Pune, Maharashtra	Asia	India	2012-10-21T00:00:00Z	2013-04-04T00:00:00Z
JF443725.1	7201.0		True	2006	India: Pune, Maharashtra	Asia	India	2012-10-21T00:00:00Z	2013-04-04T00:00:00Z
JF443724.1	7206.0		True	2005	India: Pune, Maharashtra	Asia	India	2012-10-21T00:00:00Z	2013-04-04T00:00:00Z
JF443723.1	7211.0		True	2004	India: Pune, Maharashtra	Asia	India	2012-10-21T00:00:00Z	2013-04-04T00:00:00Z
JF443722.1	7206.0		True	2003	India: Pune, Maharashtra	Asia	India	2012-10-21T00:00:00Z	2013-04-04T00:00:00Z
JF443721.1	7217.0		True	2010	India: Roha, Maharashtra	Asia	India	2012-10-21T00:00:00Z	2013-04-04T00:00:00Z
JF443720.1	7206.0		True	2006	India: Pune, Maharashtra	Asia	India	2012-10-21T00:00:00Z	2013-04-04T00:00:00Z
JF443719.1	7215.0		True	2000	India: Lonavala, Maharashtra	Asia	India	2012-10-21T00:00:00Z	2013-04-04T00:00:00Z
JF443718.1	7215.0		True	1998	India: Pune, Maharashtra	Asia	India	2012-10-21T00:00:00Z	2013-04-04T00:00:00Z
JF443717.1	7206.0		True	1991	India: Kolhapur, Maharashtra	Asia	India	2012-10-21T00:00:00Z	2013-04-04T00:00:00Z
HM055578.1	7189.0		True	2005	Hungary	Europe	Hungary	2011-05-01T00:00:00Z	2016-07-25T00:00:00Z
JX565469.1	7306.0		True	2010-09-12	USA: Virginia	North America	USA	2012-11-11T00:00:00Z	2012-11-11T00:00:00Z
JQ993308.1	7244.0		True	2009	China	Asia	China	2012-07-28T00:00:00Z	2012-07-28T00:00:00Z
JQ953666.1	7249.0		True	2008	France	Europe	France	2012-09-16T00:00:00Z	2013-03-21T00:00:00Z
JQ953665.1	7244.0		True	2006	France	Europe	France	2012-09-16T00:00:00Z	2013-03-21T00:00:00Z
JQ953664.1	7238.0		True	2006	France	Europe	France	2012-09-16T00:00:00Z	2013-03-21T00:00:00Z
JQ740781.1	7252.0		True	2009-07	China	Asia	China	2012-05-30T00:00:00Z	2013-01-28T00:00:00Z
JQ679014.1	7280.0		True	2010-01-13	United Kingdom	Europe	USA	2012-03-19T00:00:00Z	2012-04-30T00:00:00Z
JQ679013.1	7499.0		True	2010-07	United Kingdom	Europe	USA	2012-03-19T00:00:00Z	2012-04-30T00:00:00Z
JQ026407.1	7212.0		True	2009-11	Japan: Inuyama	Asia	Japan	2012-11-15T00:00:00Z	2012-12-10T00:00:00Z
JQ013795.1	7233.0		True	2006	France	Europe	France	2012-08-10T00:00:00Z	2012-08-10T00:00:00Z
JQ013794.1	7182.0		True	2007	France	Europe	France	2012-08-10T00:00:00Z	2012-08-10T00:00:00Z
JQ013793.1	7281.0		True	2008	France	Europe	France	2012-08-10T00:00:00Z	2012-08-10T00:00:00Z
JQ013792.1	7238.0		True	2007	France	Europe	France	2012-08-10T00:00:00Z	2012-08-10T00:00:00Z
JQ013791.1	7271.0		True	2007	France	Europe	France	2012-08-10T00:00:00Z	2012-08-10T00:00:00Z
JN906976.1	7317.0		True	2010	France	Europe	France	2012-04-11T00:00:00Z	2012-05-10T00:00:00Z
JN906975.1	7259.0		True	2010	France	Europe	France	2012-04-11T00:00:00Z	2012-05-10T00:00:00Z
JN906974.1	7261.0		True	2010	France	Europe	France	2012-04-11T00:00:00Z	2012-05-10T00:00:00Z
JN837481.1	7251.0		True	2008-03-10	USA	North America	USA	2012-05-15T00:00:00Z	2012-05-15T00:00:00Z
JN564006.1	7314.0		True	2010-12-08	USA	North America	USA	2012-01-14T00:00:00Z	2012-02-21T00:00:00Z
HQ709170.1	7430.0		True	2010-07-26	USA	North America	USA	2011-01-31T00:00:00Z	2011-02-11T00:00:00Z
HQ389544.1	7435.0		True	2010-05-12	USA	North America	USA	2011-01-30T00:00:00Z	2011-01-30T00:00:00Z
HQ389543.1	7264.0		True	2009-09	United Kingdom	Europe	USA	2011-01-30T00:00:00Z	2011-02-11T00:00:00Z
HM439284.1	7229.0		True	2008	China	Asia	China	2010-10-11T00:00:00Z	2010-10-11T00:00:00Z
HM152568.1	7272.0		True	2008-02	China	Asia	China	2010-08-03T00:00:00Z	2010-08-03T00:00:00Z
GU937805.1	7310.0		True	2009-09	China	Asia	China	2010-05-08T00:00:00Z	2011-12-15T00:00:00Z
GU206559.1	7270.0		True	2008-02	China	Asia	China	2009-12-22T00:00:00Z	2011-05-19T00:00:00Z
FJ956757.1	7246.0		True	2005-07-07	Germany	Europe	Germany	2009-08-11T00:00:00Z	2009-09-14T00:00:00Z
FJ705359.1	7237.0		True	2006	Germany	Europe	Germany	2009-06-07T00:00:00Z	2009-06-07T00:00:00Z
FJ653660.1	7216.0		True	2008-02-13	Thailand	Asia	Thailand	2009-07-07T00:00:00Z	2010-10-15T00:00:00Z
FJ527832.2	7255.0		True	2008-01-07	China: Shanghai	Asia	China	2009-01-17T00:00:00Z	2009-04-13T00:00:00Z
FJ457024.1	7217.0		True	2005-05-07	India	Asia	India	2008-12-09T00:00:00Z	2011-03-04T00:00:00Z
DQ459342.1	7215.0		True	2000	India: western region	Asia	India	2007-03-31T00:00:00Z	2007-05-17T00:00:00Z
